code,industry,industry_detail
SZ301188,医疗器械,医疗耗材
SZ300436,化学制药,化学制剂
SZ301312,自动化设备,工控设备
SZ300834,塑料制品,改性塑料
SZ300149,医疗服务,医疗研发外包
SH688488,生物制品,其他生物制品
SZ301392,专用设备,其他专用设备
SH688668,通信设备,通信网络设备及器件
SH688553,化学制药,化学制剂
SZ301396,IT服务,IT服务
SH688382,化学制药,化学制剂
SZ300970,种植业与林业,其他种植业
SZ301201,医疗服务,医疗研发外包
SH688677,医疗器械,医疗设备
SZ300723,化学制药,化学制剂
SH688759,化学制药,化学制剂
SZ300964,元件,印制电路板
SH688090,自动化设备,机器人
SH688799,化学制药,化学制剂
SH688513,化学制药,化学制剂
SH688025,自动化设备,激光设备
SH688167,半导体,分立器件
SH688314,医疗器械,医疗耗材
SH688506,化学制药,化学制剂
SZ300683,医疗服务,医疗研发外包
SH688068,医疗器械,体外诊断
SZ301596,通用设备,其他通用设备
SZ301080,生物制品,其他生物制品
SH688307,光学光电子,光学元件
SH688282,军工装备,航天装备
SH688331,生物制品,其他生物制品
SH688178,环境治理,综合环境治理
SH688726,光伏设备,光伏加工设备
SZ301421,光学光电子,光学元件
SH688658,化学制药,化学制剂
SH688610,通用设备,仪器仪表
SH688176,化学制药,化学制剂
SH688221,化学制药,化学制剂
SZ301263,化学制药,化学制剂
SZ300831,半导体,分立器件
SZ300486,自动化设备,其他自动化设备
SZ300394,通信设备,通信网络设备及器件
SH688048,半导体,分立器件
SH688180,生物制品,其他生物制品
SH688521,半导体,数字芯片设计
SZ002269,服装家纺,服装
SH688091,化学制药,化学制剂
SH600594,中药,中药
SH600724,房地产,商业地产
SH688073,医疗服务,医疗研发外包
SZ000788,化学制药,化学制剂
SH600249,美容护理,个护用品
SH600643,多元金融,多元金融
SH601083,港口航运,航运
SH603158,汽车零部件,底盘与发动机系统
SZ002645,环境治理,综合环境治理
SZ002579,元件,印制电路板
SZ002083,纺织制造,棉纺
SH601872,港口航运,航运
SZ002923,化学制药,化学制剂
SZ002624,游戏,游戏
SZ002902,通信设备,通信网络设备及器件
SH603937,工业金属,铝
SH605006,建筑材料,玻璃玻纤
SH603912,通用设备,制冷空调设备
SZ002560,电网设备,线缆部件及其他
SH603727,油气开采及服务,油服工程
SH605287,建筑装饰,装饰园林
SZ002432,医疗器械,医疗设备
SZ002821,医疗服务,医疗研发外包
SH605289,建筑装饰,装饰园林
SZ002730,专用设备,能源及重型设备
SH688158,IT服务,IT服务
SH603985,风电设备,风电零部件
SH603778,光伏设备,光伏电池组件
SH603687,包装印刷,包装
SH600666,电子化学品,电子化学品
SZ002940,化学制药,化学制剂
SH603296,消费电子,消费电子零部件及组装
SZ002639,通用设备,制冷空调设备
SH603949,汽车零部件,底盘与发动机系统
SH605162,电力,热力
SZ000815,通信服务,通信应用增值服务
SZ000534,生物制品,其他生物制品
SH603121,汽车零部件,底盘与发动机系统
SZ002558,游戏,游戏
SH600105,通信设备,通信线缆及配套
SH603248,风电设备,风电零部件
SH601579,饮料制造,其他酒类
SH603193,美容护理,个护用品
SH601133,建筑装饰,专业工程
SH603803,通信设备,通信终端及配件
SZ002408,石油加工贸易,石油加工
SH600851,化学制药,化学制剂
SZ002082,中药,中药
SH600488,化学制药,化学制剂
SH601515,包装印刷,包装
SH600545,专用设备,纺织服装设备
SZ000078,医药商业,医药流通
SH688480,环境治理,综合环境治理
SH688205,通信设备,通信网络设备及器件
SZ301191,通信设备,通信终端及配件
SH600746,化学原料,煤化工
SZ301326,消费电子,消费电子零部件及组装
SH688308,通用设备,金属制品
SZ300936,元件,印制电路板
SH688376,环保设备,环保设备
SZ301373,化学制品,其他化学制品
SZ301055,家居用品,其他家居用品
SH688312,自动化设备,其他自动化设备
SH600875,其他电源设备,其他电源设备
SZ301176,元件,印制电路板
SH688351,医疗器械,医疗耗材
SH688192,化学制药,化学制剂
SZ300835,金属新材料,磁性材料
SZ300911,厨卫电器,厨卫电器
SH688062,生物制品,其他生物制品
SH688627,专用设备,其他专用设备
SH600754,旅游及酒店,酒店
SH688046,医疗服务,医疗研发外包
SZ300759,医疗服务,医疗研发外包
SZ300204,化学制药,化学制剂
SZ300765,化学制药,原料药
SZ300671,半导体,模拟芯片设计
SH600513,化学制药,化学制剂
SH600258,旅游及酒店,酒店
SZ002015,电力,新能源发电
SH603196,服装家纺,服装
SZ301133,汽车零部件,车身附件及饰件
SZ300461,自动化设备,其他自动化设备
SH688656,医疗器械,体外诊断
SH603127,医疗服务,医疗研发外包
SZ300806,塑料制品,膜材料
SH688222,医疗服务,医疗研发外包
SH688293,医疗服务,医疗研发外包
SZ300113,通信服务,通信应用增值服务
SH600590,军工电子,军工电子
SZ001400,专用设备,其他专用设备
SH603306,汽车零部件,车身附件及饰件
SZ300284,建筑装饰,工程咨询服务
SH688712,医疗器械,医疗耗材
SH688017,自动化设备,机器人
SZ002443,钢铁,特钢
SH688362,半导体,集成电路封测
SZ300018,电网设备,电气自控设备
SZ301509,医疗服务,医疗研发外包
SZ301230,医疗服务,医疗研发外包
SH603685,光学光电子,LED
SH688629,军工电子,军工电子
SH688249,半导体,集成电路制造
SH688197,化学制药,化学制剂
SH688321,化学制药,化学制剂
SH688585,塑料制品,合成树脂
SH688238,医疗服务,医疗研发外包
SZ002294,化学制药,化学制剂
SZ002932,医疗器械,体外诊断
SZ002602,游戏,游戏
SH603017,建筑装饰,工程咨询服务
SZ002020,化学制药,化学制剂
SH688208,计算机设备,其他计算机设备
SH688347,半导体,集成电路制造
SZ003010,互联网电商,互联网电商
SH688679,环境治理,固废治理
SH600026,港口航运,航运
SZ002729,其他电子,其他电子
SZ300991,其他电子,其他电子
SZ300700,通用设备,磨具磨料
SH688383,专用设备,其他专用设备
SH688108,医疗器械,医疗耗材
SZ301568,自动化设备,其他自动化设备
SZ002517,游戏,游戏
SZ000951,汽车整车,商用载货车
SH600801,建筑材料,水泥
SH688502,光学光电子,光学元件
SH603819,电机,电机
SZ002755,化学制药,化学制剂
SZ300559,软件开发,垂直应用软件
SH688370,环境治理,固废治理
SZ002980,电网设备,电气自控设备
SZ000967,环保设备,环保设备
SH688621,医疗服务,医疗研发外包
SH601058,汽车零部件,轮胎轮毂
SH603150,白色家电,家电零部件
SH603986,半导体,数字芯片设计
SZ300363,医疗服务,医疗研发外包
SZ300122,生物制品,疫苗
SH688785,半导体,半导体设备
SH688443,生物制品,其他生物制品
SH688356,化学制药,原料药
SZ301489,电子化学品,电子化学品
SH688520,生物制品,其他生物制品
SH688235,化学制药,化学制剂
SZ002307,建筑装饰,基础建设
SH688256,半导体,数字芯片设计
SH688556,光伏设备,光伏加工设备
SH688566,化学制药,化学制剂
SH688809,半导体,半导体设备
SZ003041,服装家纺,家纺
SH603039,软件开发,横向通用软件
SZ300478,塑料制品,改性塑料
SH600711,工业金属,铜
SZ301345,汽车服务及其他,其他运输设备
SZ300953,电池,锂电池
SH688313,通信设备,通信网络设备及器件
SH600115,机场航运,航空运输
SH688400,自动化设备,其他自动化设备
SZ300547,汽车零部件,底盘与发动机系统
SH688392,电池,锂电专用设备
SH603271,工业金属,铝
SZ301205,通信设备,通信网络设备及器件
SH603669,化学制药,化学制剂
SZ003023,小家电,小家电
SZ300199,化学制药,化学制剂
SH600207,光伏设备,光伏辅材
SZ300238,医疗器械,医疗耗材
SH688428,生物制品,其他生物制品
SH600410,IT服务,IT服务
SH688010,光学光电子,光学元件
SH603626,消费电子,消费电子零部件及组装
SZ301338,专用设备,其他专用设备
SZ002283,汽车零部件,底盘与发动机系统
SH600645,医疗器械,体外诊断
SH603115,电子化学品,电子化学品
SZ300972,零售,百货零售
SZ002653,化学制药,化学制剂
SZ300910,化学制品,其他化学制品
SH603590,生物制品,其他生物制品
SH603336,种植业与林业,其他种植业
SZ300814,元件,印制电路板
SZ300819,纺织制造,其他纺织
SZ301165,通信设备,通信网络设备及器件
SH688612,汽车零部件,汽车电子电气系统
SZ001359,非金属材料,非金属材料
SH688691,半导体,集成电路制造
SH603010,化学制品,其他化学制品
SH688796,医疗服务,医疗研发外包
SZ002891,农产品加工,宠物食品
SZ002555,游戏,游戏
SH605366,化学制品,有机硅
SH688177,生物制品,其他生物制品
SH603993,工业金属,铜
SZ300503,通用设备,其他通用设备
SZ301132,元件,印制电路板
SZ301257,医疗服务,医疗研发外包
SZ003018,包装印刷,包装
SH688328,专用设备,其他专用设备
SZ300592,互联网电商,互联网电商
SH600292,电力,水电
SH601100,工程机械,工程机械
SZ300594,轨交设备,轨交设备
SH688195,光学光电子,光学元件
SH688700,专用设备,其他专用设备
SZ301130,化学制药,化学制剂
SZ301096,医疗服务,医疗研发外包
SZ300639,医疗器械,体外诊断
SZ301520,医疗服务,医疗研发外包
SH603328,元件,印制电路板
SH601789,建筑装饰,房屋建设
SH688607,医疗器械,医疗设备
SZ001223,自动化设备,其他自动化设备
SH688696,黑色家电,其他黑色家电
SZ301226,通用设备,其他通用设备
SZ300584,化学制药,化学制剂
SH688410,医疗器械,医疗设备
SZ002615,家居用品,其他家居用品
SZ002182,小金属,其他小金属
SH600257,养殖业,水产养殖
SH603979,工业金属,铜
SH603387,医疗器械,体外诊断
SH605398,IT服务,IT服务
SZ301004,家居用品,其他家居用品
SH688258,IT服务,IT服务
SZ000524,旅游及酒店,旅游综合
SH688125,自动化设备,工控设备
SH603992,家居用品,其他家居用品
SZ300981,医疗器械,医疗耗材
SH688136,生物制品,其他生物制品
SH605258,元件,印制电路板
SH688059,通用设备,金属制品
SH688234,半导体,半导体材料
SZ300347,医疗服务,医疗研发外包
SZ002135,建筑装饰,专业工程
SH688757,其他社会服务,专业服务
SZ003031,通信设备,通信终端及配件
SZ002824,工业金属,铝
SH688265,医疗服务,医疗研发外包
SZ300779,环境治理,固废治理
SH603009,汽车零部件,底盘与发动机系统
SH688343,IT服务,IT服务
SZ300358,医疗器械,医疗设备
SH688687,生物制品,其他生物制品
SH688479,软件开发,垂直应用软件
SH603259,医疗服务,医疗研发外包
SH688766,半导体,数字芯片设计
SZ000016,白色家电,冰洗
SH601112,建筑材料,玻璃玻纤
SZ002905,影视院线,影视院线
SH605116,化学制药,原料药
SZ300870,其他电源设备,其他电源设备
SH601089,化学制药,化学制剂
SH600176,建筑材料,玻璃玻纤
SH688401,半导体,半导体材料
SZ300480,专用设备,能源及重型设备
SZ300255,化学制药,化学制剂
SZ002984,汽车零部件,轮胎轮毂
SZ300746,IT服务,IT服务
SZ300308,通信设备,通信网络设备及器件
SH603286,汽车零部件,底盘与发动机系统
SZ300725,医疗服务,医疗研发外包
SZ300050,通信服务,通信工程及服务
SZ002575,综合,综合
SH600031,工程机械,工程机械
SH603458,建筑装饰,工程咨询服务
SH688131,医疗服务,医疗研发外包
SZ300533,游戏,游戏
SH603776,汽车服务及其他,其他运输设备
SZ002019,化学制药,化学制剂
SH688273,医疗器械,医疗设备
SH603059,美容护理,个护用品
SH688360,通用设备,其他通用设备
SZ001332,专用设备,能源及重型设备
SH603583,自动化设备,工控设备
SH688137,生物制品,其他生物制品
SH688202,医疗服务,医疗研发外包
SZ000062,其他电子,其他电子
SZ002851,其他电源设备,其他电源设备
SZ002384,元件,印制电路板
SH600222,中药,中药
SH688807,半导体,数字芯片设计
SH603199,旅游及酒店,自然景点
SZ301033,医疗器械,医疗耗材
SH603319,汽车零部件,底盘与发动机系统
SZ301070,通用设备,制冷空调设备
SH688503,光伏设备,光伏辅材
SZ300166,IT服务,IT服务
SZ002272,通用设备,其他通用设备
SH688336,生物制品,其他生物制品
SH605577,文化传媒,出版
SH688498,半导体,分立器件
SH603890,消费电子,消费电子零部件及组装
SZ300158,中药,中药
SH688013,医疗器械,医疗耗材
SH688517,电网设备,输变电设备
SH688075,医疗器械,体外诊断
SZ300143,医疗服务,医院
SH603225,化学纤维,涤纶
SZ301008,白色家电,家电零部件
SH688266,化学制药,化学制剂
SZ002928,机场航运,航空运输
SH688429,光伏设备,光伏电池组件
SZ002273,光学光电子,光学元件
SZ300497,化学制药,原料药
SH605055,纺织制造,印染
SZ301563,其他电子,其他电子
SZ300668,建筑装饰,工程咨询服务
SZ301550,汽车零部件,底盘与发动机系统
SH688031,软件开发,横向通用软件
SZ001267,建筑装饰,装饰园林
SH688133,化学制品,其他化学制品
SZ300857,计算机设备,其他计算机设备
SZ002778,环境治理,水务及水治理
SZ300739,元件,印制电路板
SZ002916,元件,印制电路板
SZ002957,自动化设备,工控设备
SZ300813,专用设备,其他专用设备
SZ300558,化学制药,化学制剂
SH603217,化学制品,其他化学制品
SZ300257,通用设备,其他通用设备
SH688300,非金属材料,非金属材料
SZ300895,通信服务,通信应用增值服务
SH688693,半导体,分立器件
SH688516,光伏设备,光伏加工设备
SH688702,半导体,数字芯片设计
SZ300846,通信服务,通信应用增值服务
SH600211,生物制品,其他生物制品
SZ002897,通信设备,通信网络设备及器件
SH600988,贵金属,贵金属
SH688166,化学制药,原料药
SZ300110,化学制药,化学制剂
SZ300485,生物制品,其他生物制品
SZ301393,生物制品,其他生物制品
SZ301606,消费电子,品牌消费电子
SZ300620,通信设备,通信网络设备及器件
SH688317,医疗器械,体外诊断
SH605589,塑料制品,合成树脂
SZ001215,食品加工制造,预加工食品
SZ300855,金属新材料,其他金属新材料
SZ300931,专用设备,楼宇设备
SH603367,化学制药,化学制剂
SH688601,半导体,模拟芯片设计
SH688393,医疗器械,体外诊断
SZ300658,美容护理,个护用品
SH600029,机场航运,航空运输
SZ301622,金属新材料,磁性材料
SZ002900,化学制药,化学制剂
SZ301099,其他电子,其他电子
SH688118,软件开发,垂直应用软件
SZ300017,IT服务,IT服务
SZ003020,化学制药,化学制剂
SH600315,美容护理,化妆品
SH601975,港口航运,航运
SZ300277,其他电源设备,其他电源设备
SZ301526,建筑材料,玻璃玻纤
SZ300254,化学制药,化学制剂
SH688326,软件开发,垂直应用软件
SH688765,生物制品,血液制品
SH688373,化学制药,化学制剂
SZ301571,军工电子,军工电子
SZ002080,建筑材料,玻璃玻纤
SH603958,服装家纺,鞋帽及其他
SH600184,军工装备,地面兵装
SH603679,光学光电子,LED
SH688045,半导体,模拟芯片设计
SH688292,通信设备,其他通信设备
SH603198,白酒,白酒
SZ002876,光学光电子,面板
SH603220,通信服务,通信工程及服务
SZ001216,家居用品,其他家居用品
SZ301046,建筑装饰,基础建设
SH603936,元件,印制电路板
SZ000917,文化传媒,广告营销
SZ300907,电机,电机
SH688670,生物制品,疫苗
SH600010,钢铁,普钢
SZ300456,半导体,集成电路制造
SH688041,半导体,数字芯片设计
SH688372,半导体,集成电路封测
SH688223,光伏设备,光伏电池组件
SZ301281,化学制药,化学制剂
SZ002990,计算机设备,其他计算机设备
SZ300373,半导体,分立器件
SH603129,汽车服务及其他,其他运输设备
SZ300672,半导体,数字芯片设计
SZ001333,塑料制品,合成树脂
SH688237,军工装备,航空装备
SH603045,电网设备,输变电设备
SH605060,通用设备,其他通用设备
SZ301398,汽车零部件,车身附件及饰件
SZ002478,钢铁,特钢
SH688105,生物制品,其他生物制品
SZ300830,软件开发,垂直应用软件
SH688001,专用设备,其他专用设备
SZ002073,专用设备,其他专用设备
SH601168,工业金属,铜
SH603355,小家电,小家电
SH688662,其他电子,其他电子
SZ002773,生物制品,其他生物制品
SZ301498,农产品加工,宠物食品
SZ000823,元件,印制电路板
SZ300206,医疗器械,医疗设备
SH688690,化学制药,原料药
SZ002536,汽车零部件,底盘与发动机系统
SZ301090,塑料制品,其他塑料制品
SH603203,自动化设备,工控设备
SZ301225,汽车零部件,底盘与发动机系统
SZ300404,医疗服务,医疗研发外包
SZ300490,其他电源设备,其他电源设备
SZ300442,通信服务,通信应用增值服务
SZ300705,化学制药,化学制剂
SZ300115,消费电子,消费电子零部件及组装
SZ301628,元件,印制电路板
SH603326,家居用品,定制家居
SH601111,机场航运,航空运输
SH688345,电池,锂电池
SZ301111,中药,中药
SZ002008,自动化设备,激光设备
SZ300016,化学制药,化学制剂
SH603112,白色家电,家电零部件
SH688805,医疗器械,医疗设备
SZ300988,专用设备,其他专用设备
SH688233,半导体,半导体材料
SH688580,医疗器械,医疗设备
SH600276,化学制药,化学制剂
SH688319,生物制品,疫苗
SZ002627,旅游及酒店,旅游综合
SH603219,小家电,小家电
SH688683,电子化学品,电子化学品
SZ300032,消费电子,消费电子零部件及组装
SH688613,医疗器械,医疗耗材
SH688800,其他电子,其他电子
SH688185,生物制品,疫苗
SZ300418,游戏,游戏
SZ002107,中药,中药
SZ300843,消费电子,消费电子零部件及组装
SZ300609,IT服务,IT服务
SH605228,汽车零部件,车身附件及饰件
SZ300642,医疗器械,体外诊断
SH600613,化学制药,化学制剂
SZ301266,光伏设备,光伏辅材
SZ300564,建筑装饰,工程咨询服务
SZ002072,贸易,贸易
SZ301363,医疗器械,医疗设备
SZ300464,互联网电商,互联网电商
SZ301630,电子化学品,电子化学品
SH688097,自动化设备,其他自动化设备
SZ300930,金属新材料,其他金属新材料
SZ301196,塑料制品,其他塑料制品
SH600330,电子化学品,电子化学品
SZ300171,医疗器械,医疗设备
SH688020,电子化学品,电子化学品
SZ301301,化学制药,原料药
SZ002203,工业金属,铜
SZ301086,消费电子,消费电子零部件及组装
SH600894,专用设备,楼宇设备
SH688515,半导体,模拟芯片设计
SZ002235,造纸,造纸
SH603358,汽车零部件,其他汽车零部件
SH600895,房地产,产业地产
SZ000338,汽车零部件,底盘与发动机系统
SZ300975,其他电子,其他电子
SH601899,贵金属,贵金属
SZ002463,元件,印制电路板
SH688496,光学光电子,面板
SZ000425,工程机械,工程机械
SH688213,半导体,数字芯片设计
SZ301333,医疗服务,医疗研发外包
SH688150,电子化学品,电子化学品
SH688639,化学制品,食品及饲料添加剂
SZ002422,化学制药,化学制剂
SZ301449,其他社会服务,专业服务
SZ000089,机场航运,机场
SH688220,半导体,模拟芯片设计
SH688512,半导体,模拟芯片设计
SH688189,化学制药,化学制剂
SZ301207,生物制品,疫苗
SH688699,半导体,模拟芯片设计
SH600593,旅游及酒店,人工景点
SH600309,化学制品,聚氨酯
SZ300449,计算机设备,安防设备
SH600730,教育,教育
SH600731,农化制品,农药
SH600810,化学纤维,其他纤维
SZ301248,IT服务,IT服务
SZ000977,计算机设备,其他计算机设备
SH603716,医药商业,医药流通
SZ300378,软件开发,横向通用软件
SH603085,汽车零部件,车身附件及饰件
SZ002580,电池,其他电池
SZ300661,半导体,模拟芯片设计
SH688079,光学光电子,光学元件
SH688648,通用设备,其他通用设备
SH605111,半导体,分立器件
SZ002636,元件,印制电路板
SZ301277,化学制药,原料药
SH600603,物流,物流
SH688788,军工电子,军工电子
SH688689,半导体,分立器件
SZ002785,建筑材料,其他建材
SZ000936,化学纤维,涤纶
SZ002317,中药,中药
SH600557,中药,中药
SH603773,光学光电子,面板
SZ300243,塑料制品,其他塑料制品
SZ300571,通信服务,通信应用增值服务
SH603920,元件,印制电路板
SZ300233,化学制药,化学制剂
SZ000552,煤炭开采加工,煤炭开采
SZ300440,IT服务,IT服务
SZ002734,农化制品,农药
SZ002382,医疗器械,医疗耗材
SZ301060,医疗服务,其他医疗服务
SZ301235,医疗服务,其他医疗服务
SH603757,通用设备,其他通用设备
SH600577,电网设备,线缆部件及其他
SZ300260,包装印刷,包装
SZ300342,白色家电,家电零部件
SH600710,贸易,贸易
SH688535,半导体,半导体材料
SZ000596,白酒,白酒
SZ300871,养殖业,动物保健
SH603256,电子化学品,电子化学品
SH688179,化学制品,其他化学制品
SZ300606,通用设备,磨具磨料
SZ300548,通信设备,通信网络设备及器件
SH601233,化学纤维,涤纶
SH688170,自动化设备,激光设备
SZ300798,化学制品,纺织化学用品
SZ001233,汽车零部件,轮胎轮毂
SZ002345,服装家纺,饰品
SH688361,半导体,半导体设备
SZ001326,光学光电子,LED
SZ300043,游戏,游戏
SH688006,电池,锂电专用设备
SH600846,建筑装饰,工程咨询服务
SZ300724,光伏设备,光伏加工设备
SH688315,医疗服务,其他医疗服务
SZ002605,游戏,游戏
SH601208,塑料制品,膜材料
SZ000703,石油加工贸易,石油加工
SZ300003,医疗器械,医疗耗材
SZ300502,通信设备,通信网络设备及器件
SZ000506,贵金属,贵金属
SZ300244,医疗服务,其他医疗服务
SZ301533,专用设备,农用机械
SZ301221,汽车零部件,汽车电子电气系统
SZ300738,通信服务,通信应用增值服务
SZ301172,IT服务,IT服务
SZ002025,军工电子,军工电子
SH688322,光学光电子,光学元件
SH688021,汽车零部件,其他汽车零部件
SH603897,电网设备,线缆部件及其他
SH688661,消费电子,消费电子零部件及组装
SZ300494,游戏,游戏
SH688426,医疗器械,体外诊断
SH688141,半导体,模拟芯片设计
SZ301027,建筑装饰,工程咨询服务
SH601886,建筑装饰,装饰园林
SH603663,非金属材料,非金属材料
SZ301085,IT服务,IT服务
SZ301233,汽车零部件,底盘与发动机系统
SZ301293,医疗服务,医院
SZ301169,其他社会服务,专业服务
SH603308,通用设备,金属制品
SH600409,化学原料,纯碱
SH688111,软件开发,横向通用软件
SZ300562,医疗器械,医疗设备
SZ000710,医疗服务,其他医疗服务
SH688628,通用设备,仪器仪表
SZ002063,软件开发,垂直应用软件
SZ002290,白色家电,家电零部件
SZ002448,汽车零部件,底盘与发动机系统
SH601611,建筑装饰,基础建设
SZ000700,汽车零部件,车身附件及饰件
SH600066,汽车整车,商用载客车
SZ002364,其他电源设备,其他电源设备
SZ301618,化学制品,纺织化学用品
SH603699,通用设备,金属制品
SZ300583,化学制药,原料药
SZ001328,美容护理,个护用品
SZ300673,农产品加工,宠物食品
SZ301193,家居用品,其他家居用品
SZ002323,建筑装饰,专业工程
SH688316,IT服务,IT服务
SZ002826,化学制药,化学制剂
SH688083,软件开发,垂直应用软件
SZ301018,通用设备,制冷空调设备
SH603811,化学制药,化学制剂
SH603608,服装家纺,鞋帽及其他
SZ300682,IT服务,IT服务
SZ300593,其他电源设备,其他电源设备
SH603186,元件,印制电路板
SZ300196,建筑材料,玻璃玻纤
SH688711,半导体,分立器件
SZ000921,白色家电,空调
SH605183,橡胶制品,炭黑
SZ300566,光学光电子,光学元件
SZ300900,军工装备,航空装备
SZ300935,软件开发,垂直应用软件
SZ002400,文化传媒,广告营销
SZ002906,汽车零部件,汽车电子电气系统
SZ002243,美容护理,化妆品
SH688508,半导体,模拟芯片设计
SH688008,半导体,数字芯片设计
SZ300435,专用设备,能源及重型设备
SZ300434,化学制药,化学制剂
SZ301607,汽车零部件,汽车电子电气系统
SH688276,生物制品,疫苗
SZ301097,医疗器械,医疗耗材
SZ301259,环境治理,综合环境治理
SZ300223,半导体,数字芯片设计
SZ002353,专用设备,能源及重型设备
SH605189,纺织制造,印染
SZ300811,金属新材料,磁性材料
SZ300111,化学制药,化学制剂
SH688419,专用设备,其他专用设备
SZ300395,军工装备,航空装备
SH600370,化学纤维,涤纶
SH600563,元件,被动元件
SZ301051,消费电子,消费电子零部件及组装
SZ002733,电池,其他电池
SH688777,自动化设备,工控设备
SH603402,旅游及酒店,旅游综合
SZ002488,汽车零部件,轮胎轮毂
SH603998,中药,中药
SZ300890,电池,电池化学品
SZ300577,服装家纺,鞋帽及其他
SZ300303,光学光电子,LED
SH688600,通用设备,仪器仪表
SH600054,旅游及酒店,自然景点
SH600071,光学光电子,光学元件
SH601595,影视院线,影视院线
SZ002793,化学制药,化学制剂
SZ002328,汽车零部件,其他汽车零部件
SZ000408,农化制品,钾肥
SH603297,光学光电子,光学元件
SZ002550,化学制药,化学制剂
SH688371,电子化学品,电子化学品
SZ301236,IT服务,IT服务
SH605338,食品加工制造,预加工食品
SZ002635,消费电子,消费电子零部件及组装
SZ301056,专用设备,楼宇设备
SZ000070,通信设备,通信线缆及配套
SZ300086,化学制药,化学制剂
SZ300684,电子化学品,电子化学品
SZ301300,橡胶制品,炭黑
SH688236,医疗器械,医疗耗材
SH688505,化学制药,化学制剂
SH688055,光学光电子,面板
SH688023,软件开发,横向通用软件
SZ002370,化学制药,化学制剂
SH603298,工程机械,工程机械
SZ300662,其他社会服务,专业服务
SH600673,综合,综合
SZ300903,元件,印制电路板
SH603991,半导体,半导体材料
SH605178,建筑装饰,装饰园林
SZ001339,计算机设备,其他计算机设备
SH600336,白色家电,冰洗
SZ300573,化学制药,化学制剂
SZ002827,化学制品,民爆用品
SH688200,半导体,半导体设备
SH688060,计算机设备,其他计算机设备
SH601138,消费电子,消费电子零部件及组装
SH603665,服装家纺,鞋帽及其他
SH688486,半导体,数字芯片设计
SH600362,工业金属,铜
SZ300596,化学制品,其他化学制品
SZ301387,消费电子,消费电子零部件及组装
SZ301123,消费电子,消费电子零部件及组装
SH688228,IT服务,IT服务
SH605008,塑料制品,其他塑料制品
SH688518,自动化设备,激光设备
SZ301286,化学制品,其他化学制品
SZ301365,建筑装饰,工程咨询服务
SH603083,通信设备,通信终端及配件
SZ301128,专用设备,其他专用设备
SZ301234,医疗器械,医疗耗材
SH688247,化学制药,化学制剂
SH688775,消费电子,品牌消费电子
SZ300444,电网设备,输变电设备
SZ300867,环境治理,固废治理
SH688576,医疗器械,医疗耗材
SZ301678,半导体,半导体材料
SH688138,半导体,半导体材料
SH605177,化学制药,原料药
SH603012,专用设备,能源及重型设备
SH603657,白色家电,家电零部件
SH600490,工业金属,铜
SH688633,专用设备,能源及重型设备
SH688550,电子化学品,电子化学品
SH688159,通信设备,通信终端及配件
SZ300376,其他电源设备,其他电源设备
SZ300491,其他电源设备,其他电源设备
SH688369,软件开发,横向通用软件
SH603708,零售,百货零售
SH688472,光伏设备,光伏电池组件
SZ002772,种植业与林业,其他种植业
SH688590,软件开发,垂直应用软件
SZ300802,自动化设备,其他自动化设备
SZ000950,医药商业,医药流通
SH688598,光伏设备,光伏辅材
SH603826,非金属材料,非金属材料
SZ002531,风电设备,风电零部件
SZ002831,包装印刷,包装
SH600936,IT服务,IT服务
SH688035,电子化学品,电子化学品
SZ300909,光学光电子,面板
SH688110,半导体,数字芯片设计
SH688337,通用设备,仪器仪表
SH603353,石油加工贸易,油品石化贸易
SH688029,医疗器械,医疗耗材
SZ002173,医疗服务,医院
SZ301367,医疗器械,医疗设备
SZ002459,光伏设备,光伏电池组件
SH688399,医疗器械,体外诊断
SH603989,元件,被动元件
SZ301178,IT服务,IT服务
SH688199,化学制品,其他化学制品
SZ300042,计算机设备,其他计算机设备
SZ300452,化学制药,原料药
SH603439,中药,中药
SZ300298,医疗器械,医疗设备
SZ300757,自动化设备,其他自动化设备
SZ002028,电网设备,输变电设备
SH600237,元件,被动元件
SH603181,化学制品,其他化学制品
SZ300536,建筑装饰,装饰园林
SZ300400,自动化设备,其他自动化设备
SZ002675,化学制药,化学制剂
SH688139,医疗器械,医疗设备
SH688692,软件开发,横向通用软件
SH688260,消费电子,消费电子零部件及组装
SZ001389,元件,印制电路板
SZ300181,中药,中药
SZ300751,光伏设备,光伏加工设备
SH605488,塑料制品,膜材料
SZ300499,专用设备,其他专用设备
SH603520,化学制药,原料药
SZ301391,计算机设备,其他计算机设备
SH688227,IT服务,IT服务
SZ300984,通用设备,其他通用设备
SZ300194,化学制药,化学制剂
SZ002633,通用设备,金属制品
SZ000021,消费电子,消费电子零部件及组装
SH603067,化学原料,无机盐
SZ301258,化学制药,原料药
SH600774,化学制药,化学制剂
SH603040,汽车零部件,底盘与发动机系统
SH688363,美容护理,医疗美容
SH603444,游戏,游戏
SZ300009,生物制品,其他生物制品
SZ300512,专用设备,印刷包装机械
SZ002030,医疗器械,体外诊断
SZ300317,电力,新能源发电
SZ300601,生物制品,疫苗
SZ000597,化学制药,化学制剂
SZ000157,工程机械,工程机械
SH603063,风电设备,风电零部件
SZ300049,医疗器械,医疗设备
SZ300012,其他社会服务,专业服务
SZ002209,专用设备,印刷包装机械
SH603179,汽车零部件,汽车电子电气系统
SH688117,化学制药,化学制剂
SH688255,自动化设备,机器人
SH688579,软件开发,垂直应用软件
SZ002837,专用设备,其他专用设备
SZ300296,光学光电子,LED
SH603311,白色家电,家电零部件
SH688067,医疗器械,体外诊断
SZ002931,通用设备,金属制品
SZ301458,元件,被动元件
SZ301186,汽车零部件,其他汽车零部件
SZ301251,元件,印制电路板
SH605118,计算机设备,安防设备
SH605376,能源金属,镍
SZ300858,化学制品,食品及饲料添加剂
SZ002444,通用设备,其他通用设备
SH600860,通用设备,金属制品
SH688003,自动化设备,其他自动化设备
SH601021,机场航运,航空运输
SH688593,半导体,数字芯片设计
SH601689,汽车零部件,底盘与发动机系统
SZ300142,生物制品,疫苗
SH600812,化学制药,化学制剂
SZ000426,小金属,其他小金属
SH605058,元件,印制电路板
SH605007,造纸,造纸
SZ000533,电网设备,输变电设备
SH603676,化学制药,化学制剂
SH600521,化学制药,化学制剂
SH601163,汽车零部件,轮胎轮毂
SH600791,房地产,住宅开发
SZ300685,医疗器械,体外诊断
SH605133,汽车零部件,底盘与发动机系统
SZ000526,教育,教育
SH601601,保险,保险
SH603011,专用设备,其他专用设备
SH600732,光伏设备,光伏电池组件
SZ300145,通用设备,其他通用设备
SZ002788,医药商业,医药流通
SZ002993,消费电子,消费电子零部件及组装
SH603579,小家电,小家电
SH688350,化学制品,其他化学制品
SH603200,环境治理,水务及水治理
SZ300073,电池,电池化学品
SH688051,IT服务,IT服务
SZ301276,服装家纺,服装
SH688016,医疗器械,医疗耗材
SH688052,半导体,模拟芯片设计
SH600496,建筑装饰,专业工程
SZ301428,通信服务,通信应用增值服务
SZ301047,生物制品,其他生物制品
SZ002937,汽车零部件,汽车电子电气系统
SZ000739,化学制药,原料药
SH688103,其他电子,其他电子
SH688327,IT服务,IT服务
SZ300706,半导体,半导体材料
SH688095,软件开发,横向通用软件
SZ300321,塑料制品,其他塑料制品
SZ000415,多元金融,多元金融
SZ300788,文化传媒,出版
SZ301093,医疗器械,医疗耗材
SZ002568,饮料制造,其他酒类
SH688032,光伏设备,逆变器
SZ002920,汽车零部件,汽车电子电气系统
SH603222,医疗器械,医疗耗材
SH688310,自动化设备,其他自动化设备
SZ301278,光伏设备,光伏电池组件
SH600186,食品加工制造,调味发酵品
SH603170,食品加工制造,调味发酵品
SZ000801,黑色家电,其他黑色家电
SZ301486,消费电子,消费电子零部件及组装
SZ301110,互联网电商,互联网电商
SZ002806,汽车零部件,底盘与发动机系统
SH688581,医疗器械,医疗耗材
SH600060,黑色家电,彩电
SZ301202,通信设备,其他通信设备
SZ301389,消费电子,消费电子零部件及组装
SZ301297,半导体,半导体设备
SZ300534,中药,中药
SZ002541,建筑装饰,专业工程
SH688786,金属新材料,磁性材料
SZ301305,环境治理,固废治理
SZ301125,通用设备,其他通用设备
SH603360,农化制品,农药
SH603886,食品加工制造,休闲食品
SZ301306,其他社会服务,专业服务
SZ002745,光学光电子,LED
SZ002655,消费电子,消费电子零部件及组装
SZ002548,农产品加工,畜禽饲料
SZ300345,光伏设备,硅料硅片
SZ300006,化学制药,化学制剂
SH688368,半导体,模拟芯片设计
SH603713,物流,物流
SZ300626,电机,电机
SH688272,军工电子,军工电子
SH688449,半导体,数字芯片设计
SZ301499,汽车零部件,汽车电子电气系统
SH605319,汽车零部件,其他汽车零部件
SZ300471,专用设备,其他专用设备
SZ300676,医疗服务,其他医疗服务
SH600320,专用设备,能源及重型设备
SH601118,种植业与林业,其他种植业
SZ002281,通信设备,通信网络设备及器件
SZ300408,元件,被动元件
SZ300882,电网设备,电气自控设备
SZ300069,电网设备,线缆部件及其他
SH603755,食品加工制造,调味发酵品
SH600741,汽车零部件,车身附件及饰件
SZ002429,黑色家电,彩电
SZ300608,软件开发,垂直应用软件
SH600085,中药,中药
SZ000975,贵金属,贵金属
SZ300634,IT服务,IT服务
SH600302,专用设备,纺织服装设备
SZ301557,风电设备,风电零部件
SZ002815,元件,印制电路板
SH603061,半导体,半导体设备
SH600080,中药,中药
SH688037,半导体,半导体设备
SZ301617,化学制品,其他化学制品
SZ000888,旅游及酒店,自然景点
SH603667,通用设备,金属制品
SZ002412,中药,中药
SZ000006,房地产,住宅开发
SZ002010,物流,物流
SH688388,电池,锂电池
SH603058,包装印刷,包装
SH688533,汽车零部件,汽车电子电气系统
SH688098,养殖业,动物保健
SZ300880,电网设备,电气自控设备
SZ002970,计算机设备,其他计算机设备
SZ002262,化学制药,化学制剂
SZ000566,化学制药,化学制剂
SH688186,风电设备,风电零部件
SZ300231,IT服务,IT服务
SZ000636,元件,被动元件
SZ300046,半导体,分立器件
SH600869,电网设备,线缆部件及其他
SH603151,农产品加工,畜禽饲料
SZ301089,化学制药,原料药
SH688557,通用设备,其他通用设备
SZ300439,医疗器械,体外诊断
SZ300272,小家电,小家电
SH603192,化学制品,聚氨酯
SH603049,汽车零部件,轮胎轮毂
SZ002178,软件开发,垂直应用软件
SZ300508,计算机设备,其他计算机设备
SZ301330,计算机设备,安防设备
SZ300121,橡胶制品,其他橡胶制品
SZ300383,通信服务,通信应用增值服务
SH603409,汽车零部件,车身附件及饰件
SH688578,化学制药,化学制剂
SZ300637,化学制品,其他化学制品
SH600378,化学制品,氟化工
SH603966,专用设备,能源及重型设备
SZ301061,家居用品,成品家居
SH688028,通用设备,磨具磨料
SH601126,电网设备,电气自控设备
SH688278,生物制品,其他生物制品
SZ301687,塑料制品,膜材料
SH688161,医疗器械,医疗耗材
SZ002664,汽车零部件,汽车电子电气系统
SZ002965,汽车零部件,其他汽车零部件
SZ003002,化学制品,民爆用品
SZ301590,其他电源设备,其他电源设备
SH688510,军工装备,航空装备
SZ300463,医疗器械,体外诊断
SH688605,半导体,半导体设备
SZ300318,生物制品,血液制品
SZ300507,汽车零部件,底盘与发动机系统
SH600352,化学制品,纺织化学用品
SZ000960,小金属,其他小金属
SZ300473,汽车零部件,其他汽车零部件
SH688259,半导体,数字芯片设计
SZ002261,软件开发,垂直应用软件
SZ300654,文化传媒,出版
SH603668,农产品加工,水产饲料
SZ000705,医药商业,医药流通
SZ300833,专用设备,其他专用设备
SZ301488,汽车零部件,汽车电子电气系统
SH600482,其他电源设备,其他电源设备
SH688615,软件开发,垂直应用软件
SH688678,消费电子,消费电子零部件及组装
SZ300227,自动化设备,激光设备
SH603187,通用设备,制冷空调设备
SH688669,塑料制品,改性塑料
SZ300803,软件开发,垂直应用软件
SH600595,工业金属,铝
SZ300791,食品加工制造,其他食品
SH603002,电子化学品,电子化学品
SH688366,医疗器械,医疗耗材
SH601137,金属新材料,其他金属新材料
SH605318,建筑材料,其他建材
SH688160,自动化设备,工控设备
SH688595,半导体,数字芯片设计
SZ300681,汽车零部件,汽车电子电气系统
SH688244,软件开发,横向通用软件
SH601777,汽车整车,乘用车
SZ301256,化学原料,无机盐
SH688549,电子化学品,电子化学品
SZ300580,汽车零部件,底盘与发动机系统
SH688380,半导体,数字芯片设计
SH688733,电池,电池化学品
SZ300740,美容护理,化妆品
SZ002361,塑料制品,合成树脂
SZ300918,纺织制造,其他纺织
SZ300570,通信设备,通信网络设备及器件
SH601319,保险,保险
SZ300236,电子化学品,电子化学品
SZ000923,钢铁,冶钢原料
SZ000811,通用设备,制冷空调设备
SH603456,医疗服务,医疗研发外包
SZ301095,软件开发,垂直应用软件
SH603556,电网设备,电气自控设备
SZ300294,生物制品,血液制品
SZ300969,汽车零部件,其他汽车零部件
SZ300316,光伏设备,光伏加工设备
SH688135,半导体,集成电路封测
SZ301105,专用设备,印刷包装机械
SZ301500,环境治理,固废治理
SZ002056,光伏设备,光伏电池组件
SH605089,食品加工制造,预加工食品
SZ301555,塑料制品,合成树脂
SH605086,非金属材料,非金属材料
SZ002159,旅游及酒店,自然景点
SZ002757,专用设备,其他专用设备
SZ300824,小家电,小家电
SZ002864,中药,中药
SZ002522,塑料制品,膜材料
SZ300519,中药,中药
SH688767,医疗器械,体外诊断
SZ300097,自动化设备,其他自动化设备
SZ002380,IT服务,IT服务
SZ002759,电池,电池化学品
SZ301529,汽车零部件,车身附件及饰件
SH688551,其他电源设备,其他电源设备
SZ300913,通信设备,通信线缆及配套
SZ002801,电机,电机
SH688530,半导体,半导体材料
SH600633,游戏,游戏
SZ001308,光学光电子,面板
SZ301331,中药,中药
SZ002229,包装印刷,印刷
SH603528,软件开发,垂直应用软件
SH603110,化学制品,涂料油墨
SZ300084,专用设备,能源及重型设备
SZ002840,食品加工制造,肉制品
SZ301348,半导体,集成电路封测
SZ301268,通用设备,金属制品
SZ300748,金属新材料,磁性材料
SZ000603,工业金属,铅锌
SZ301203,环境治理,水务及水治理
SH600821,电力,新能源发电
SZ002284,汽车零部件,底盘与发动机系统
SZ300406,医疗器械,体外诊断
SZ301608,汽车零部件,汽车电子电气系统
SZ001268,白色家电,家电零部件
SZ300881,钢铁,特钢
SZ000915,化学制药,化学制剂
SH688212,医疗器械,医疗设备
SZ300985,通用设备,金属制品
SH600619,白色家电,家电零部件
SZ301668,电网设备,输变电设备
SZ300369,软件开发,横向通用软件
SH688435,软件开发,横向通用软件
SZ002886,塑料制品,改性塑料
SH688403,半导体,集成电路封测
SH688077,金属新材料,磁性材料
SZ301217,电池,锂电池
SH603079,化学制品,食品及饲料添加剂
SZ000630,工业金属,铜
SZ002064,化学纤维,氨纶
SZ002434,汽车零部件,底盘与发动机系统
SH688188,自动化设备,工控设备
SZ300249,计算机设备,其他计算机设备
SH603172,化学制品,纺织化学用品
SZ002997,汽车零部件,其他汽车零部件
SZ301041,元件,印制电路板
SZ301397,汽车零部件,底盘与发动机系统
SZ002301,家居用品,文娱用品
SZ300517,建筑装饰,专业工程
SH688173,半导体,模拟芯片设计
SZ300151,专用设备,其他专用设备
SH688165,自动化设备,机器人
SZ002637,化学制品,其他化学制品
SZ001207,橡胶制品,炭黑
SZ002951,其他电源设备,其他电源设备
SH603859,IT服务,IT服务
SH688519,元件,印制电路板
SZ301115,其他社会服务,专业服务
SH600429,饮料制造,乳品
SZ002947,消费电子,消费电子零部件及组装
SZ000963,化学制药,化学制剂
SZ000989,中药,中药
SH600798,港口航运,航运
SZ300039,中药,中药
SH603051,化学制品,其他化学制品
SZ002589,医药商业,医药流通
SZ301372,环境治理,水务及水治理
SH600114,通用设备,金属制品
SZ300357,生物制品,其他生物制品
SZ300560,通信服务,通信工程及服务
SZ300492,教育,教育
SH688030,软件开发,横向通用软件
SZ300263,通用设备,其他通用设备
SZ300753,医疗器械,医疗设备
SZ300957,美容护理,化妆品
SZ002952,光学光电子,面板
SH688389,医疗器械,体外诊断
SZ300030,医疗器械,医疗设备
SZ002004,化学制药,化学制剂
SH600267,化学制药,化学制剂
SH688026,医疗器械,医疗耗材
SZ300588,计算机设备,安防设备
SH688469,半导体,集成电路制造
SH688357,化学制品,其他化学制品
SH603289,专用设备,其他专用设备
SZ301366,元件,印制电路板
SH603915,通用设备,金属制品
SH688358,医疗器械,医疗设备
SZ002623,光伏设备,光伏辅材
SH601958,小金属,钼
SH603697,食品加工制造,休闲食品
SH603091,家居用品,其他家居用品
SZ002436,元件,印制电路板
SZ002138,元件,被动元件
SZ002452,电网设备,输变电设备
SH603212,光伏设备,光伏辅材
SH688058,软件开发,横向通用软件
SZ300384,建筑装饰,专业工程
SZ300604,半导体,半导体设备
SH688089,化学制品,食品及饲料添加剂
SZ301335,家居用品,文娱用品
SZ301525,通用设备,制冷空调设备
SH601179,电网设备,输变电设备
SZ002929,通信服务,通信工程及服务
SH688623,自动化设备,其他自动化设备
SZ300026,中药,中药
SZ001331,燃气,燃气
SZ301182,消费电子,消费电子零部件及组装
SH605369,医疗器械,医疗耗材
SH603688,非金属材料,非金属材料
SZ300613,半导体,数字芯片设计
SZ300430,自动化设备,其他自动化设备
SZ301156,化学制品,食品及饲料添加剂
SH688408,光伏设备,光伏辅材
SH600226,电力,热力
SZ002533,电网设备,线缆部件及其他
SH603207,化学制药,化学制剂
SH688130,半导体,模拟芯片设计
SH688478,半导体,半导体设备
SZ300401,化学制药,原料药
SH603739,化学制品,食品及饲料添加剂
SH600389,农化制品,农药
SZ300767,橡胶制品,其他橡胶制品
SH688626,医疗器械,医疗设备
SZ002901,医疗器械,医疗耗材
SZ300686,消费电子,消费电子零部件及组装
SZ002042,纺织制造,棉纺
SZ002707,旅游及酒店,旅游综合
SH688080,通信设备,其他通信设备
SZ002871,通用设备,金属制品
SZ300393,光伏设备,光伏电池组件
SZ002863,汽车零部件,轮胎轮毂
SZ002355,汽车零部件,轮胎轮毂
SZ002298,电网设备,输变电设备
SZ002102,化学制药,原料药
SH688707,电池,电池化学品
SH688793,小家电,小家电
SZ300701,光学光电子,光学元件
SH603031,电池,其他电池
SZ001358,化学制品,其他化学制品
SZ300248,IT服务,IT服务
SZ002111,军工装备,航空装备
SZ002938,元件,印制电路板
SZ000880,通用设备,其他通用设备
SZ300709,消费电子,消费电子零部件及组装
SH688155,电池,锂电池
SZ001390,纺织制造,其他纺织
SZ300818,专用设备,能源及重型设备
SH600578,电力,火电
SZ301283,化学制品,其他化学制品
SH603369,白酒,白酒
SZ300448,IT服务,IT服务
SH688039,IT服务,IT服务
SZ300650,其他电子,其他电子
SZ300099,专用设备,能源及重型设备
SZ002493,石油加工贸易,石油加工
SZ300509,专用设备,印刷包装机械
SZ300963,金属新材料,其他金属新材料
SZ002335,其他电源设备,其他电源设备
SH688335,环保设备,环保设备
SZ301219,能源金属,钴
SZ300695,汽车零部件,轮胎轮毂
SZ000410,通用设备,机床工具
SZ001205,港口航运,航运
SH603386,元件,印制电路板
SZ300127,金属新材料,磁性材料
SZ002925,消费电子,消费电子零部件及组装
SZ301631,汽车零部件,汽车电子电气系统
SZ301007,汽车零部件,底盘与发动机系统
SH688727,半导体,半导体材料
SH600348,煤炭开采加工,煤炭开采
SZ300170,IT服务,IT服务
SZ301173,汽车零部件,车身附件及饰件
SH688573,电池,锂电专用设备
SH603901,专用设备,印刷包装机械
SZ300653,医疗器械,医疗耗材
SZ000878,工业金属,铜
SZ300310,通信服务,通信工程及服务
SH600446,IT服务,IT服务
SZ300916,消费电子,消费电子零部件及组装
SH688528,通用设备,仪器仪表
SH688004,IT服务,IT服务
SH688671,环保设备,环保设备
SH603348,汽车零部件,其他汽车零部件
SH600848,房地产,产业地产
SH688114,医疗器械,医疗设备
SH603800,专用设备,其他专用设备
SZ300873,物流,物流
SZ002029,服装家纺,服装
SZ300119,养殖业,动物保健
SZ300844,建筑装饰,工程咨询服务
SZ301129,通用设备,仪器仪表
SZ300412,专用设备,其他专用设备
SH688318,软件开发,垂直应用软件
SH603658,医疗器械,体外诊断
SZ000661,生物制品,其他生物制品
SZ300314,医疗器械,医疗设备
SZ300861,通用设备,磨具磨料
SH688458,半导体,模拟芯片设计
SH688085,医疗器械,医疗耗材
SZ000528,工程机械,工程机械
SZ300092,专用设备,能源及重型设备
SZ301065,化学制药,原料药
SZ301118,化学原料,其他化学原料
SZ301512,自动化设备,其他自动化设备
SH688027,通信设备,通信终端及配件
SZ300828,通用设备,金属制品
SH603799,能源金属,钴
SZ000411,医药商业,医药流通
SH688277,医疗器械,医疗设备
SZ000503,软件开发,垂直应用软件
SH603717,养殖业,生猪养殖
SH603885,机场航运,航空运输
SZ300545,光学光电子,面板
SZ300214,化学制品,其他化学制品
SH603929,建筑装饰,专业工程
SZ301282,元件,印制电路板
SH603335,汽车零部件,轮胎轮毂
SH600486,农化制品,农药
SH603082,通用设备,其他通用设备
SZ002797,证券,证券
SH688093,其他电子,其他电子
SH688281,军工装备,航空装备
SZ301270,软件开发,横向通用软件
SZ300602,消费电子,消费电子零部件及组装
SH600657,房地产,住宅开发
SH688088,IT服务,IT服务
SZ003021,电机,电机
SZ300415,专用设备,其他专用设备
SH688396,半导体,集成电路制造
SZ300293,专用设备,其他专用设备
SH688531,专用设备,其他专用设备
SZ300645,计算机设备,其他计算机设备
SZ000807,工业金属,铝
SZ002090,电网设备,电气自控设备
SZ002206,化学纤维,涤纶
SH688680,光伏设备,光伏辅材
SZ300487,塑料制品,合成树脂
SH688456,金属新材料,其他金属新材料
SH688061,半导体,模拟芯片设计
SZ300915,饮料制造,乳品
SZ002449,光学光电子,LED
SZ300812,消费电子,消费电子零部件及组装
SZ300955,美容护理,化妆品
SH605218,光学光电子,面板
SZ002885,其他电子,其他电子
SZ300721,化学制品,其他化学制品
SH600415,零售,商业物业经营
SH603169,专用设备,能源及重型设备
SH601108,证券,证券
SZ301192,汽车零部件,底盘与发动机系统
SZ300973,食品加工制造,休闲食品
SH600589,IT服务,IT服务
SZ000952,化学制药,原料药
SH688078,软件开发,垂直应用软件
SH603322,IT服务,IT服务
SZ000776,证券,证券
SZ000513,化学制药,化学制剂
SZ301419,通信设备,通信网络设备及器件
SZ002632,塑料制品,膜材料
SZ300787,消费电子,消费电子零部件及组装
SZ002156,半导体,集成电路封测
SH603108,医药商业,医药流通
SH603088,通用设备,机床工具
SZ002549,环境治理,大气治理
SZ300531,计算机设备,其他计算机设备
SZ000678,汽车零部件,底盘与发动机系统
SZ300859,旅游及酒店,自然景点
SZ301073,旅游及酒店,酒店
SZ002287,中药,中药
SZ301187,小家电,小家电
SH688798,半导体,模拟芯片设计
SZ300319,元件,被动元件
SZ300331,光学光电子,光学元件
SZ301122,医疗器械,医疗耗材
SH688584,半导体,半导体材料
SZ002638,光学光电子,LED
SZ301510,自动化设备,工控设备
SZ300500,建筑装饰,工程咨询服务
SZ300598,软件开发,垂直应用软件
SH603926,汽车零部件,底盘与发动机系统
SH603390,汽车零部件,汽车电子电气系统
SH600278,贸易,贸易
SH688589,半导体,数字芯片设计
SZ300607,自动化设备,机器人
SZ301662,电池,锂电专用设备
SH600469,汽车零部件,轮胎轮毂
SZ002394,纺织制造,棉纺
SZ002723,光学光电子,LED
SH600684,房地产,房地产服务
SH600380,化学制药,化学制剂
SH603630,美容护理,化妆品
SZ301238,电池,电池化学品
SH600301,小金属,其他小金属
SZ301166,生物制品,其他生物制品
SZ300656,其他电子,其他电子
SH688409,半导体,半导体设备
SH688301,医疗器械,医疗设备
SH600826,其他社会服务,专业服务
SH603237,食品加工制造,预加工食品
SZ300633,医疗器械,医疗设备
SH603135,专用设备,能源及重型设备
SZ300800,环保设备,环保设备
SH688002,军工电子,军工电子
SH688286,半导体,模拟芯片设计
SZ301042,计算机设备,安防设备
SZ301318,计算机设备,安防设备
SH688686,自动化设备,其他自动化设备
SH600960,汽车零部件,底盘与发动机系统
SH688391,半导体,模拟芯片设计
SZ002634,服装家纺,服装
SH600667,建筑装饰,工程咨询服务
SH600126,钢铁,普钢
SH603235,化学制药,原料药
SH688216,半导体,集成电路封测
SZ002631,家居用品,瓷砖地板
SZ002009,专用设备,其他专用设备
SZ000725,光学光电子,面板
SZ300727,化学制品,有机硅
SZ301228,其他社会服务,专业服务
SH688596,专用设备,其他专用设备
SZ300643,汽车零部件,其他汽车零部件
SH600346,石油加工贸易,石油加工
SZ002134,元件,印制电路板
SH600236,电力,水电
SZ300816,汽车零部件,其他汽车零部件
SH603613,互联网电商,互联网电商
SZ300698,通信设备,通信网络设备及器件
SH603629,消费电子,消费电子零部件及组装
SZ301479,光学光电子,光学元件
SZ002796,通信设备,通信网络设备及器件
SH600259,小金属,稀土
SZ301062,包装印刷,包装
SZ300078,IT服务,IT服务
SH600751,港口航运,航运
SH688152,软件开发,横向通用软件
SZ002979,自动化设备,机器人
SH688082,半导体,半导体设备
SH603871,物流,物流
SZ300352,软件开发,横向通用软件
SH688433,通用设备,其他通用设备
SZ300493,其他电子,其他电子
SH688101,环境治理,水务及水治理
SH600715,影视院线,影视院线
SH603317,食品加工制造,调味发酵品
SH688665,通用设备,仪器仪表
SZ000931,化学制药,化学制剂
SH688162,专用设备,其他专用设备
SH688507,软件开发,垂直应用软件
SH688261,半导体,分立器件
SZ301106,光学光电子,面板
SZ000035,环境治理,固废治理
SZ002511,美容护理,个护用品
SH600363,消费电子,消费电子零部件及组装
SZ301148,环境治理,水务及水治理
SZ001259,小家电,小家电
SH688609,黑色家电,其他黑色家电
SH688209,半导体,模拟芯片设计
SZ300815,环境治理,固废治理
SZ300713,其他电源设备,其他电源设备
SZ300209,互联网电商,互联网电商
SH688298,医疗器械,体外诊断
SH605499,饮料制造,软饮料
SZ002843,通用设备,金属制品
SZ001210,电力,热力
SH688558,通用设备,机床工具
SZ002393,化学制药,化学制剂
SZ301103,医疗服务,医院
SZ300743,计算机设备,其他计算机设备
SZ002050,白色家电,家电零部件
SZ301211,化学制药,原料药
SZ002185,半导体,集成电路封测
SZ301098,建筑装饰,装饰园林
SZ301077,化学制品,其他化学制品
SZ301269,软件开发,垂直应用软件
SZ300554,通用设备,磨具磨料
SZ301567,消费电子,消费电子零部件及组装
SH688625,化学制品,其他化学制品
SH688526,养殖业,动物保健
SH688795,半导体,数字芯片设计
SZ300228,通用设备,金属制品
SH600059,饮料制造,其他酒类
SZ300595,医疗器械,医疗耗材
SZ300183,通信设备,其他通信设备
SZ300820,其他电源设备,其他电源设备
SZ002810,化学制品,其他化学制品
SZ300840,服装家纺,服装
SZ002676,白色家电,家电零部件
SZ300295,文化传媒,数字媒体
SZ002101,汽车零部件,其他汽车零部件
SZ300002,游戏,游戏
SZ002571,家居用品,其他家居用品
SH603005,半导体,集成电路封测
SH601318,保险,保险
SZ300552,计算机设备,其他计算机设备
SZ000826,环境治理,综合环境治理
SH603269,通用设备,其他通用设备
SZ002212,软件开发,横向通用软件
SH688783,半导体,半导体材料
SH600713,医药商业,医药流通
SZ002365,化学制药,原料药
SH688329,自动化设备,其他自动化设备
SZ300465,软件开发,垂直应用软件
SZ002349,中药,中药
SH603315,环境治理,大气治理
SH688432,半导体,半导体材料
SZ301356,家居用品,瓷砖地板
SH605358,半导体,半导体材料
SZ300476,元件,印制电路板
SZ300756,专用设备,其他专用设备
SZ002320,港口航运,航运
SZ301371,美容护理,化妆品
SH600682,综合,综合
SZ300947,零售,商业物业经营
SH601069,贵金属,贵金属
SH688737,汽车零部件,其他汽车零部件
SH603216,家居用品,定制家居
SZ002918,家居用品,瓷砖地板
SH603303,光学光电子,LED
SH688181,光学光电子,面板
SZ300541,IT服务,IT服务
SH605288,自动化设备,工控设备
SH688123,半导体,数字芯片设计
SZ000657,小金属,钨
SZ000766,化学制药,化学制剂
SZ301013,专用设备,其他专用设备
SH603325,专用设备,能源及重型设备
SH603639,农化制品,农药
SH688981,半导体,集成电路制造
SZ300539,塑料制品,其他塑料制品
SH601568,化学原料,氯碱
SH688271,医疗器械,医疗设备
SZ300966,化学制药,原料药
SH603987,医疗器械,医疗耗材
SZ301303,通用设备,仪器仪表
SH605077,化学制品,食品及饲料添加剂
SZ002158,通用设备,制冷空调设备
SZ300033,软件开发,垂直应用软件
SZ301408,医药商业,药店
SZ002174,游戏,游戏
SH600392,小金属,稀土
SH600789,化学制药,化学制剂
SH688262,半导体,数字芯片设计
SZ300184,其他电子,其他电子
SZ301315,软件开发,横向通用软件
SZ301535,汽车零部件,其他汽车零部件
SZ300729,家居用品,其他家居用品
SZ301290,医疗器械,医疗耗材
SZ300623,半导体,分立器件
SZ300226,软件开发,垂直应用软件
SH605020,化学制品,氟化工
SZ300655,电子化学品,电子化学品
SH603567,中药,中药
SZ001206,美容护理,个护用品
SZ300322,消费电子,消费电子零部件及组装
SZ000590,中药,中药
SH688252,半导体,数字芯片设计
SH688379,通用设备,金属制品
SZ000887,汽车零部件,其他汽车零部件
SH688575,医疗器械,体外诊断
SH601231,消费电子,消费电子零部件及组装
SH688787,IT服务,IT服务
SZ001212,建筑材料,其他建材
SZ300007,通用设备,仪器仪表
SZ301252,通用设备,制冷空调设备
SH688280,汽车零部件,底盘与发动机系统
SH601156,物流,物流
SH688332,半导体,数字芯片设计
SZ300081,通信服务,通信应用增值服务
SZ300996,软件开发,垂直应用软件
SH688302,化学制药,化学制剂
SH600866,化学制品,食品及饲料添加剂
SZ300619,电池,锂电专用设备
SH605277,消费电子,消费电子零部件及组装
SZ300942,医疗器械,体外诊断
SZ300239,生物制品,其他生物制品
SH600166,汽车整车,商用载货车
SH688207,IT服务,IT服务
SZ000922,电机,电机
SZ300968,消费电子,消费电子零部件及组装
SZ002038,化学制药,化学制剂
SZ301029,自动化设备,其他自动化设备
SZ300133,影视院线,影视院线
SH688655,元件,印制电路板
SH603233,医药商业,药店
SH600201,养殖业,动物保健
SZ002705,小家电,小家电
SH600576,旅游及酒店,自然景点
SH688269,化学制品,其他化学制品
SZ002983,光学光电子,LED
SZ000626,贸易,贸易
SZ301071,非金属材料,非金属材料
SH688563,军工装备,航空装备
SZ002534,其他电源设备,其他电源设备
SZ002922,其他电子,其他电子
SH603226,家居用品,瓷砖地板
SH603988,电机,电机
SZ300128,电池,锂电专用设备
SH688033,光伏设备,光伏辅材
SZ001222,家居用品,文娱用品
SZ301045,光学光电子,面板
SZ002566,中药,中药
SZ300349,通用设备,仪器仪表
SH603191,电网设备,输变电设备
SH688012,半导体,半导体设备
SZ002861,消费电子,消费电子零部件及组装
SZ000838,房地产,住宅开发
SZ002324,塑料制品,改性塑料
SZ301101,家居用品,文娱用品
SH600103,造纸,造纸
SH600499,家居用品,瓷砖地板
SH600600,饮料制造,啤酒
SZ002441,电网设备,输变电设备
SH600963,造纸,造纸
SH600223,美容护理,化妆品
SZ300703,家居用品,文娱用品
SH605100,通用设备,金属制品
SH603307,服装家纺,鞋帽及其他
SH601965,汽车服务及其他,汽车服务
SH605259,专用设备,其他专用设备
SZ300766,软件开发,横向通用软件
SZ300585,汽车零部件,底盘与发动机系统
SH600959,文化传媒,电视广播
SZ300409,电池,电池化学品
SH600312,电网设备,输变电设备
SZ002475,消费电子,消费电子零部件及组装
SH603877,服装家纺,服装
SH603081,专用设备,其他专用设备
SZ301020,汽车零部件,底盘与发动机系统
SZ002552,元件,印制电路板
SZ002392,建筑材料,耐火材料
SZ301019,塑料制品,其他塑料制品
SZ300603,通信服务,通信工程及服务
SZ003028,白色家电,家电零部件
SZ002440,化学制品,纺织化学用品
SH603163,建筑装饰,专业工程
SH688246,软件开发,垂直应用软件
SH603090,通用设备,其他通用设备
SZ000825,钢铁,特钢
SZ000550,汽车整车,商用载货车
SZ002962,光学光电子,光学元件
SZ300692,环境治理,水务及水治理
SZ300625,光学光电子,LED
SZ002880,生物制品,血液制品
SH688484,半导体,模拟芯片设计
SH600366,金属新材料,磁性材料
SZ301413,通用设备,仪器仪表
SZ300315,游戏,游戏
SH688147,半导体,半导体设备
SH600195,养殖业,动物保健
SZ300688,教育,教育
SZ000681,文化传媒,数字媒体
SZ300878,中药,中药
SZ301361,电网设备,输变电设备
SH601218,风电设备,风电零部件
SZ300433,消费电子,消费电子零部件及组装
SZ000153,化学制药,化学制剂
SZ300258,汽车零部件,底盘与发动机系统
SH688129,化学制品,涂料油墨
SH603868,小家电,小家电
SZ002129,光伏设备,硅料硅片
SH603019,计算机设备,其他计算机设备
SZ300956,消费电子,消费电子零部件及组装
SZ000813,化学制药,化学制剂
SH688112,通用设备,仪器仪表
SZ300618,能源金属,钴
SZ002649,IT服务,IT服务
SH603291,环境治理,水务及水治理
SZ300245,IT服务,IT服务
SH605222,电网设备,线缆部件及其他
SH688591,半导体,数字芯片设计
SZ301285,消费电子,消费电子零部件及组装
SH603486,小家电,小家电
SH688226,电网设备,线缆部件及其他
SZ301319,电子化学品,电子化学品
SZ002546,电网设备,电气自控设备
SZ300549,专用设备,其他专用设备
SZ301037,化学制品,涂料油墨
SZ002126,汽车零部件,底盘与发动机系统
SH688352,半导体,集成电路封测
SZ000301,石油加工贸易,石油加工
SH605167,建筑装饰,专业工程
SZ301313,文化传媒,数字媒体
SZ002346,电网设备,输变电设备
SH603515,光学光电子,LED
SZ000987,多元金融,多元金融
SZ002099,化学制药,原料药
SH600539,互联网电商,互联网电商
SZ300557,通用设备,仪器仪表
SZ002668,白色家电,冰洗
SH601688,证券,证券
SH600596,农化制品,农药
SZ002334,自动化设备,工控设备
SH603208,家居用品,定制家居
SZ000403,生物制品,血液制品
SZ301322,汽车服务及其他,其他运输设备
SZ300793,消费电子,消费电子零部件及组装
SZ300735,消费电子,消费电子零部件及组装
SH688225,软件开发,横向通用软件
SH603650,橡胶制品,其他橡胶制品
SH603533,文化传媒,数字媒体
SH688201,软件开发,横向通用软件
SZ301314,通信设备,通信网络设备及器件
SZ300437,化学制品,其他化学制品
SH603728,电机,电机
SZ002468,物流,物流
SH603185,光伏设备,硅料硅片
SZ002144,纺织制造,其他纺织
SZ301329,消费电子,消费电子零部件及组装
SH688128,专用设备,其他专用设备
SH688290,自动化设备,机器人
SZ301126,医药商业,医药流通
SZ002106,光学光电子,面板
SZ301566,元件,被动元件
SZ301163,风电设备,风电零部件
SZ000034,IT服务,IT服务
SZ301208,IT服务,IT服务
SZ300687,IT服务,IT服务
SZ300051,光伏设备,光伏电池组件
SZ300790,计算机设备,安防设备
SH603006,汽车零部件,其他汽车零部件
SZ300285,电子化学品,电子化学品
SH688289,医疗器械,体外诊断
SH600841,汽车零部件,底盘与发动机系统
SH600483,电力,电能综合服务
SZ001368,家居用品,文娱用品
SH603997,汽车零部件,车身附件及饰件
SH603882,医疗服务,其他医疗服务
SH688231,军工装备,航空装备
SH603968,化学制品,食品及饲料添加剂
SZ300371,通用设备,仪器仪表
SH688416,半导体,数字芯片设计
SH600872,食品加工制造,调味发酵品
SH688022,专用设备,其他专用设备
SH600509,电力,火电
SZ002033,旅游及酒店,自然景点
SZ300224,金属新材料,磁性材料
SH605128,汽车零部件,车身附件及饰件
SZ002456,光学光电子,光学元件
SZ300872,IT服务,IT服务
SH603257,建筑装饰,工程咨询服务
SZ300459,游戏,游戏
SZ002545,农化制品,钾肥
SZ300346,电子化学品,电子化学品
SZ300582,光学光电子,LED
SZ301167,建筑装饰,工程咨询服务
SZ002767,通用设备,仪器仪表
SH603048,汽车零部件,车身附件及饰件
SZ002823,电机,电机
SZ300995,塑料制品,改性塑料
SH600662,其他社会服务,专业服务
SH600547,贵金属,贵金属
SZ002007,生物制品,血液制品
SZ300278,自动化设备,工控设备
SZ301177,服装家纺,饰品
SZ000737,工业金属,铜
SH603062,化学制品,涂料油墨
SH600037,文化传媒,电视广播
SZ300402,通用设备,金属制品
SZ300161,通用设备,机床工具
SZ002919,游戏,游戏
SZ002728,中药,中药
SZ002177,零售,商业物业经营
SZ300980,塑料制品,其他塑料制品
SH688168,软件开发,横向通用软件
SZ300019,化学制品,有机硅
SZ300784,消费电子,消费电子零部件及组装
SH603980,化学制品,纺织化学用品
SZ300299,游戏,游戏
SH688355,通用设备,金属制品
SZ300001,电网设备,输变电设备
SZ002469,化学原料,其他化学原料
SH688047,半导体,数字芯片设计
SZ301538,塑料制品,改性塑料
SZ300776,光伏设备,光伏加工设备
SZ300691,计算机设备,安防设备
SH605300,饮料制造,乳品
SH603725,家居用品,瓷砖地板
SH601117,建筑装饰,专业工程
SZ300921,通信服务,通信应用增值服务
SZ301359,其他电子,其他电子
SH603798,石油加工贸易,石油加工
SH603087,生物制品,其他生物制品
SZ002258,农化制品,农药
SH605286,专用设备,楼宇设备
SH605028,电力,热力
SH603878,钢铁,普钢
SH600230,化学制品,聚氨酯
SZ300768,软件开发,横向通用软件
SZ300488,通用设备,金属制品
SH603766,汽车服务及其他,其他运输设备
SZ301548,通用设备,金属制品
SZ300951,消费电子,消费电子零部件及组装
SZ300774,环境治理,水务及水治理
SZ300160,白色家电,家电零部件
SH688230,半导体,分立器件
SH688489,计算机设备,安防设备
SZ300993,家居用品,其他家居用品
SZ300022,零售,专业连锁
SH600160,化学制品,氟化工
SZ000949,化学纤维,氨纶
SZ002390,中药,中药
SZ003035,电力,电能综合服务
SZ002973,环境治理,固废治理
SH603948,化学制品,其他化学制品
SH603136,旅游及酒店,自然景点
SZ300622,零售,专业连锁
SH603177,环境治理,大气治理
SZ300470,通用设备,其他通用设备
SZ301667,汽车零部件,底盘与发动机系统
SZ300482,医疗器械,体外诊断
SZ300707,汽车零部件,其他汽车零部件
SZ301239,医疗服务,医院
SH603855,专用设备,其他专用设备
SZ301139,通信服务,通信工程及服务
SZ300632,光学光电子,LED
SZ300940,光学光电子,LED
SH603511,服装家纺,服装
SZ301349,电池,电池化学品
SZ002930,物流,物流
SH688092,专用设备,其他专用设备
SZ002225,建筑材料,耐火材料
SH603700,通用设备,仪器仪表
SZ300339,IT服务,IT服务
SZ300908,食品加工制造,调味发酵品
SH688381,半导体,模拟芯片设计
SH601519,软件开发,垂直应用软件
SH603344,电机,电机
SZ300869,医疗器械,医疗设备
SH603810,农化制品,农药
SH603013,汽车零部件,底盘与发动机系统
SH688232,软件开发,垂直应用软件
SZ000521,白色家电,冰洗
SZ002518,其他电源设备,其他电源设备
SH605588,光学光电子,面板
SH603156,饮料制造,软饮料
SZ300185,风电设备,风电零部件
SZ000839,通信服务,通信应用增值服务
SH603703,光学光电子,面板
SH688698,自动化设备,工控设备
SZ300773,多元金融,多元金融
SH603161,汽车零部件,底盘与发动机系统
SH600733,汽车整车,乘用车
SZ300291,影视院线,影视院线
SZ002293,服装家纺,家纺
SZ301138,专用设备,印刷包装机械
SH603099,旅游及酒店,自然景点
SZ000650,中药,中药
SH688750,小金属,其他小金属
SZ003012,家居用品,瓷砖地板
SZ000919,化学制药,化学制剂
SZ301063,专用设备,能源及重型设备
SH600708,房地产,住宅开发
SZ301355,包装印刷,包装
SH688676,电网设备,输变电设备
SZ002338,军工电子,军工电子
SH600650,公路铁路运输,公交
SZ301381,互联网电商,互联网电商
SZ301036,化学制品,涂料油墨
SH688681,电网设备,电气自控设备
SH603273,工程机械,工程机械
SZ002139,消费电子,消费电子零部件及组装
SZ002559,通用设备,机床工具
SZ300328,小金属,其他小金属
SH600999,证券,证券
SZ300229,软件开发,垂直应用软件
SH688126,半导体,半导体材料
SZ001369,化学纤维,其他纤维
SZ300979,纺织制造,其他纺织
SZ301491,消费电子,消费电子零部件及组装
SZ301088,服装家纺,服装
SZ002688,养殖业,动物保健
SH603861,电网设备,输变电设备
SH603931,电子化学品,电子化学品
SZ002988,工业金属,铝
SH603119,汽车零部件,其他汽车零部件
SZ301503,计算机设备,其他计算机设备
SZ300235,软件开发,垂直应用软件
SZ301591,塑料制品,其他塑料制品
SZ002049,半导体,数字芯片设计
SH600489,贵金属,贵金属
SH688545,电子化学品,电子化学品
SH603365,服装家纺,家纺
SZ000525,农化制品,农药
SZ300827,光伏设备,逆变器
SZ301295,电网设备,输变电设备
SZ300118,光伏设备,光伏电池组件
SZ300192,教育,教育
SH688253,医疗器械,体外诊断
SH688559,自动化设备,激光设备
SH600976,中药,中药
SZ001266,自动化设备,工控设备
SH600531,工业金属,铅锌
SZ301107,通用设备,其他通用设备
SH603976,医疗器械,医疗耗材
SH603596,汽车零部件,底盘与发动机系统
SH601026,塑料制品,合成树脂
SZ002255,其他电源设备,其他电源设备
SH600739,生物制品,疫苗
SZ301261,通用设备,金属制品
SH603015,自动化设备,工控设备
SZ002698,自动化设备,机器人
SH688697,通用设备,机床工具
SH603722,化学制品,其他化学制品
SH688501,环保设备,环保设备
SZ002026,通用设备,金属制品
SZ300889,光学光电子,LED
SZ002366,其他电源设备,其他电源设备
SH600893,军工装备,航空装备
SH603004,化学制品,其他化学制品
SZ300088,光学光电子,面板
SZ301589,计算机设备,其他计算机设备
SZ300514,电网设备,电气自控设备
SZ002658,环保设备,环保设备
SZ300670,电网设备,输变电设备
SZ301386,电网设备,输变电设备
SH600725,贸易,贸易
SH601007,旅游及酒店,酒店
SZ002379,工业金属,铝
SZ300215,其他社会服务,专业服务
SH603331,通用设备,其他通用设备
SZ300253,软件开发,垂直应用软件
SZ300210,专用设备,其他专用设备
SZ002404,服装家纺,服装
SH603100,通用设备,仪器仪表
SZ300576,电子化学品,电子化学品
SZ000400,电网设备,电气自控设备
SH603227,化学制品,民爆用品
SZ002428,小金属,其他小金属
SZ300976,消费电子,消费电子零部件及组装
SZ301536,半导体,数字芯片设计
SH603730,汽车零部件,车身附件及饰件
SZ301370,医药商业,医药流通
SH603262,食品加工制造,其他食品
SH600775,通信设备,通信终端及配件
SZ300511,种植业与林业,其他种植业
SH688657,软件开发,垂直应用软件
SH688157,化学制品,涂料油墨
SZ301059,美容护理,个护用品
SZ002748,化学原料,氯碱
SH600339,油气开采及服务,油服工程
SZ002746,养殖业,肉鸡养殖
SH603519,白色家电,家电零部件
SH600797,IT服务,IT服务
SZ301010,建筑材料,其他建材
SH600961,工业金属,铅锌
SZ300203,通用设备,仪器仪表
SZ300193,通用设备,其他通用设备
SZ002437,化学制药,化学制剂
SZ300288,IT服务,IT服务
SH605018,汽车零部件,其他汽车零部件
SZ301038,建筑装饰,工程咨询服务
SZ300669,专用设备,楼宇设备
SZ300100,汽车零部件,车身附件及饰件
SH688049,半导体,数字芯片设计
SZ002396,通信设备,通信网络设备及器件
SZ301390,建筑装饰,工程咨询服务
SZ300107,化学制品,纺织化学用品
SH688038,软件开发,垂直应用软件
SH688239,军工装备,航空装备
SZ301507,化学制药,化学制剂
SH603416,自动化设备,机器人
SZ300614,环境治理,固废治理
SZ300259,通用设备,仪器仪表
SZ002626,食品加工制造,其他食品
SH601012,光伏设备,光伏电池组件
SH688602,化学制品,其他化学制品
SH600371,种植业与林业,种子生产
SZ301469,造纸,造纸
SZ300948,环境治理,综合环境治理
SH603916,化学制品,其他化学制品
SZ300520,软件开发,垂直应用软件
SZ301595,家居用品,其他家居用品
SH603833,家居用品,定制家居
SZ000623,中药,中药
SH600664,化学制药,化学制剂
SZ300660,电机,电机
SZ300665,化学制品,涂料油墨
SH601369,专用设备,能源及重型设备
SZ002242,小家电,小家电
SZ000682,电网设备,电气自控设备
SH601226,建筑装饰,专业工程
SH688398,化学制品,其他化学制品
SZ002426,消费电子,消费电子零部件及组装
SH600108,种植业与林业,其他种植业
SZ002299,养殖业,肉鸡养殖
SZ300130,计算机设备,其他计算机设备
SH603073,纺织制造,其他纺织
SZ300862,环保设备,环保设备
SZ002387,光学光电子,面板
SH600616,饮料制造,其他酒类
SZ300286,电网设备,电气自控设备
SZ300537,电子化学品,电子化学品
SZ300163,家居用品,其他家居用品
SZ002326,化学制品,氟化工
SZ002899,家居用品,文娱用品
SH600889,通用设备,其他通用设备
SH600119,物流,物流
SZ300222,电网设备,电气自控设备
SZ000516,医疗服务,医院
SZ301120,电网设备,输变电设备
SZ002241,消费电子,消费电子零部件及组装
SZ002311,农产品加工,水产饲料
SZ300525,软件开发,垂直应用软件
SZ301602,医疗器械,医疗设备
SZ300856,美容护理,化妆品
SZ301380,通信服务,通信应用增值服务
SH603025,自动化设备,工控设备
SZ001319,汽车零部件,车身附件及饰件
SH688616,电网设备,电气自控设备
SZ301006,通用设备,仪器仪表
SZ301487,电池,电池化学品
SZ301267,医疗服务,医院
SZ002783,化学制品,民爆用品
SZ002036,光学光电子,光学元件
SZ002078,造纸,造纸
SH600030,证券,证券
SZ001231,农化制品,农药
SZ300399,IT服务,IT服务
SZ002044,医疗服务,医院
SZ002198,中药,中药
SH688653,半导体,模拟芯片设计
SH603132,工业金属,铅锌
SZ002912,计算机设备,其他计算机设备
SZ300822,消费电子,消费电子零部件及组装
SZ002438,通用设备,金属制品
SH688560,光伏设备,光伏辅材
SZ300475,其他电子,其他电子
SZ301119,汽车零部件,底盘与发动机系统
SZ300428,汽车零部件,轮胎轮毂
SZ300364,文化传媒,数字媒体
SZ301296,包装印刷,包装
SH603959,电池,锂电专用设备
SH603205,医疗器械,医疗耗材
SZ000520,港口航运,航运
SH603300,多元金融,多元金融
SZ301141,金属新材料,磁性材料
SZ301325,电池,锂电专用设备
SZ002472,汽车零部件,底盘与发动机系统
SH605266,医药商业,药店
SH603887,通信服务,通信应用增值服务
SZ300657,元件,印制电路板
SH603566,养殖业,动物保健
SH600552,光学光电子,面板
SZ002975,自动化设备,工控设备
SH603806,光伏设备,光伏辅材
SH603032,电池,锂电专用设备
SZ000790,中药,中药
SZ301068,环境治理,固废治理
SZ002180,计算机设备,其他计算机设备
SZ002079,光伏设备,光伏辅材
SZ300752,光学光电子,LED
SH600668,建筑材料,水泥
SH605399,化学制品,有机硅
SZ002948,银行,城商行
SH600422,中药,中药
SZ301127,环境治理,水务及水治理
SZ300896,美容护理,医疗美容
SH603283,自动化设备,工控设备
SZ300579,软件开发,横向通用软件
SZ300353,通信设备,其他通信设备
SZ001335,化学制品,涂料油墨
SZ000727,光学光电子,面板
SH603123,多元金融,多元金融
SZ300726,军工电子,军工电子
SZ300786,环保设备,环保设备
SZ002791,建筑材料,其他建材
SZ300522,化学制品,涂料油墨
SH600690,白色家电,冰洗
SH688729,半导体,半导体设备
SZ003015,光学光电子,光学元件
SZ300360,电网设备,电气自控设备
SH603057,食品加工制造,休闲食品
SZ002162,家居用品,瓷砖地板
SZ300333,计算机设备,其他计算机设备
SZ300550,软件开发,垂直应用软件
SZ300377,软件开发,垂直应用软件
SZ300771,计算机设备,其他计算机设备
SZ301212,化学制品,其他化学制品
SH600637,文化传媒,电视广播
SH600584,半导体,集成电路封测
SZ301091,建筑装饰,工程咨询服务
SZ001220,物流,物流
SZ002096,化学制品,民爆用品
SZ300888,美容护理,个护用品
SH603488,专用设备,楼宇设备
SZ002836,包装印刷,包装
SZ301185,软件开发,垂直应用软件
SZ301632,其他社会服务,专业服务
SH603097,电网设备,输变电设备
SZ300937,医药商业,医药流通
SZ002483,专用设备,能源及重型设备
SH603153,建筑装饰,工程咨询服务
SZ001322,家居用品,其他家居用品
SH688217,医疗器械,体外诊断
SH688652,半导体,半导体设备
SH688776,军工电子,军工电子
SZ300615,通信设备,通信终端及配件
SZ002196,电机,电机
SH603020,化学制品,食品及饲料添加剂
SH600100,计算机设备,其他计算机设备
SZ300952,服装家纺,鞋帽及其他
SZ002410,软件开发,垂直应用软件
SH605069,环境治理,综合环境治理
SZ301021,自动化设备,激光设备
SZ000783,证券,证券
SH603569,物流,物流
SZ301223,包装印刷,包装
SZ000156,文化传媒,电视广播
SH600987,纺织制造,印染
SZ002271,建筑材料,其他建材
SH605303,建筑装饰,装饰园林
SZ300413,文化传媒,数字媒体
SZ300015,医疗服务,医院
SH603078,电子化学品,电子化学品
SH688499,电池,锂电专用设备
SH600262,专用设备,能源及重型设备
SH600785,零售,百货零售
SH688193,医疗器械,体外诊断
SZ002376,计算机设备,其他计算机设备
SZ002040,港口航运,港口
SZ001367,化学制药,原料药
SH600629,建筑装饰,工程咨询服务
SZ002451,电网设备,线缆部件及其他
SH601727,其他电源设备,其他电源设备
SH688267,化学制品,其他化学制品
SZ301328,其他电子,其他电子
SZ300469,软件开发,垂直应用软件
SZ002034,环境治理,固废治理
SZ301379,光学光电子,面板
SH600517,多元金融,多元金融
SH605056,通用设备,仪器仪表
SZ300276,自动化设备,机器人
SZ002873,中药,中药
SH603068,半导体,模拟芯片设计
SZ300693,其他电源设备,其他电源设备
SH688172,半导体,分立器件
SZ002849,通用设备,仪器仪表
SH605108,旅游及酒店,餐饮
SH601628,保险,保险
SZ002022,医疗器械,体外诊断
SZ003007,软件开发,垂直应用软件
SZ300837,专用设备,能源及重型设备
SH601211,证券,证券
SZ300109,化学制品,其他化学制品
SZ002612,服装家纺,服装
SZ000581,汽车零部件,底盘与发动机系统
SZ301518,化学制品,其他化学制品
SH600790,零售,商业物业经营
SZ301137,通用设备,金属制品
SZ002245,电池,锂电池
SZ002991,食品加工制造,休闲食品
SZ301102,文化传媒,广告营销
SZ300429,电子化学品,电子化学品
SH605151,汽车零部件,车身附件及饰件
SZ300241,光学光电子,LED
SH600530,食品加工制造,其他食品
SH600526,环保设备,环保设备
SH688695,软件开发,横向通用软件
SZ301206,化学制品,食品及饲料添加剂
SH603612,非金属材料,非金属材料
SZ002666,化学制品,其他化学制品
SH600097,养殖业,海洋捕捞
SZ301383,消费电子,消费电子零部件及组装
SZ301459,汽车零部件,底盘与发动机系统
SH603288,食品加工制造,调味发酵品
SZ300807,计算机设备,其他计算机设备
SH600764,军工装备,航海装备
SZ002669,化学制品,其他化学制品
SZ002399,化学制药,化学制剂
SH600056,医药商业,医药流通
SZ002943,通用设备,机床工具
SZ300542,软件开发,垂直应用软件
SH605377,造纸,造纸
SZ001914,房地产,房地产服务
SZ002737,中药,中药
SZ000069,旅游及酒店,旅游综合
SH600583,油气开采及服务,油服工程
SH603093,多元金融,多元金融
SH688701,环境治理,综合环境治理
SH600460,半导体,分立器件
SH601778,电力,新能源发电
SZ300359,教育,教育
SZ300275,专用设备,能源及重型设备
SZ002889,物流,物流
SZ001380,汽车零部件,底盘与发动机系统
SZ301108,美容护理,个护用品
SH600329,中药,中药
SH688338,医疗器械,体外诊断
SZ300381,化学制药,原料药
SZ300200,化学制品,聚氨酯
SZ002903,通用设备,机床工具
SH603381,光伏设备,光伏辅材
SZ000510,化学原料,氯碱
SZ002909,化学制品,有机硅
SZ301015,医药商业,医药流通
SZ002798,家居用品,瓷砖地板
SH603690,半导体,半导体设备
SH688790,半导体,模拟芯片设计
SH600587,医疗器械,医疗设备
SH600601,元件,印制电路板
SZ300124,自动化设备,工控设备
SH603858,中药,中药
SH603919,白酒,白酒
SZ301592,军工电子,军工电子
SH688323,塑料制品,膜材料
SZ300403,白色家电,家电零部件
SH603895,专用设备,其他专用设备
SZ002414,军工电子,军工电子
SZ300675,建筑装饰,工程咨询服务
SZ300694,汽车零部件,底盘与发动机系统
SZ002322,软件开发,垂直应用软件
SH600009,机场航运,机场
SZ001238,家居用品,其他家居用品
SZ301011,家居用品,文娱用品
SH688588,软件开发,垂直应用软件
SH603587,服装家纺,服装
SZ300041,化学制品,有机硅
SH600588,软件开发,横向通用软件
SZ002643,电子化学品,电子化学品
SZ001314,消费电子,消费电子零部件及组装
SZ002706,电网设备,输变电设备
SZ002515,食品加工制造,肉制品
SZ000629,钢铁,冶钢原料
SH603330,塑料制品,其他塑料制品
SZ300396,医疗器械,体外诊断
SZ000060,工业金属,铅锌
SZ301552,汽车零部件,车身附件及饰件
SH603352,汽车零部件,其他汽车零部件
SZ300134,通信设备,通信网络设备及器件
SZ002006,专用设备,其他专用设备
SZ300965,军工装备,航空装备
SZ002557,食品加工制造,休闲食品
SH603737,建筑材料,其他建材
SZ300841,生物制品,疫苗
SZ002708,汽车零部件,底盘与发动机系统
SZ002048,汽车零部件,车身附件及饰件
SH688320,自动化设备,工控设备
SZ001325,橡胶制品,其他橡胶制品
SH688716,塑料制品,合成树脂
SZ001230,环境治理,固废治理
SZ002576,电机,电机
SH601022,港口航运,航运
SH600977,影视院线,影视院线
SZ300971,专用设备,其他专用设备
SZ300304,汽车零部件,汽车电子电气系统
SH603197,汽车零部件,其他汽车零部件
SZ301556,IT服务,IT服务
SZ002654,光学光电子,LED
SZ300792,互联网电商,互联网电商
SZ300941,计算机设备,其他计算机设备
SH603036,专用设备,能源及重型设备
SH600428,港口航运,航运
SZ002774,专用设备,楼宇设备
SZ300755,零售,专业连锁
SZ002978,小金属,其他小金属
SH601020,工业金属,铅锌
SH603124,金属新材料,其他金属新材料
SH603076,专用设备,其他专用设备
SH688816,自动化设备,其他自动化设备
SZ300546,计算机设备,其他计算机设备
SZ300341,医疗器械,医疗设备
SZ300174,化学制品,其他化学制品
SZ002332,化学制药,化学制剂
SH603125,化学制品,其他化学制品
SZ300410,电池,锂电专用设备
SZ300302,计算机设备,其他计算机设备
SH688057,环境治理,水务及水治理
SZ301665,农化制品,农药
SH688567,电池,锂电池
SH688153,半导体,模拟芯片设计
SZ301151,通用设备,金属制品
SZ300232,光学光电子,LED
SZ301181,汽车零部件,底盘与发动机系统
SZ301087,医疗器械,医疗设备
SH688330,电网设备,电气自控设备
SZ300221,塑料制品,改性塑料
SH688599,光伏设备,光伏电池组件
SZ002152,计算机设备,其他计算机设备
SZ002065,IT服务,IT服务
SH603607,包装印刷,包装
SH688755,专用设备,其他专用设备
SH603258,游戏,游戏
SZ300131,其他电子,其他电子
SH603221,家居用品,瓷砖地板
SZ300515,通用设备,仪器仪表
SZ002277,零售,百货零售
SH603337,专用设备,纺织服装设备
SZ300616,家居用品,定制家居
SZ301376,家居用品,成品家居
SZ300578,通信服务,通信应用增值服务
SZ002841,消费电子,品牌消费电子
SZ300484,自动化设备,工控设备
SZ000756,化学制药,原料药
SZ002249,电机,电机
SZ301336,家居用品,成品家居
SZ300884,计算机设备,安防设备
SH603166,汽车零部件,底盘与发动机系统
SZ002237,贵金属,贵金属
SZ301260,专用设备,农用机械
SZ300292,通信服务,通信应用增值服务
SZ301446,工程机械,工程机械
SZ301032,通用设备,其他通用设备
SZ300261,农化制品,农药
SH603008,家居用品,成品家居
SZ301558,互联网电商,互联网电商
SH688582,半导体,模拟芯片设计
SH600520,专用设备,其他专用设备
SZ300959,通信服务,通信应用增值服务
SZ301237,塑料制品,膜材料
SH603707,化学制药,化学制剂
SH603339,通用设备,金属制品
SZ002590,汽车零部件,底盘与发动机系统
SZ301009,美容护理,个护用品
SZ000970,金属新材料,磁性材料
SZ301066,纺织制造,其他纺织
SZ301017,医药商业,药店
SH688768,通用设备,仪器仪表
SZ002230,软件开发,横向通用软件
SZ001282,汽车零部件,底盘与发动机系统
SZ300782,半导体,模拟芯片设计
SH600586,化学原料,纯碱
SH688561,软件开发,横向通用软件
SZ300496,IT服务,IT服务
SZ300513,通信服务,通信工程及服务
SZ002405,软件开发,垂直应用软件
SH600850,IT服务,IT服务
SZ300621,建筑装饰,装饰园林
SH688127,光学光电子,光学元件
SZ300453,医疗器械,医疗耗材
SZ300320,橡胶制品,其他橡胶制品
SZ300025,通信服务,通信工程及服务
SH603896,中药,中药
SH600161,生物制品,血液制品
SZ300479,计算机设备,其他计算机设备
SZ301395,塑料制品,合成树脂
SZ300897,通用设备,仪器仪表
SH600183,元件,印制电路板
SH600458,风电设备,风电零部件
SZ300505,农化制品,磷肥及磷化工
SH600876,光伏设备,光伏辅材
SZ002527,自动化设备,工控设备
SZ002012,造纸,造纸
SH600326,建筑材料,水泥
SZ300778,建筑装饰,工程咨询服务
SZ300986,建筑材料,其他建材
SZ301000,汽车零部件,其他汽车零部件
SZ002819,通用设备,仪器仪表
SH603255,化学制品,其他化学制品
SH688597,电网设备,电气自控设备
SZ000777,通用设备,金属制品
SH688229,IT服务,IT服务
SZ300801,化学制品,其他化学制品
SH688525,半导体,数字芯片设计
SH688529,专用设备,其他专用设备
SH600660,汽车零部件,车身附件及饰件
SZ301638,IT服务,IT服务
SH601811,文化传媒,出版
SZ300887,其他社会服务,专业服务
SH601139,燃气,燃气
SH603677,白色家电,家电零部件
SH600425,建筑材料,水泥
SZ301601,专用设备,能源及重型设备
SH600985,煤炭开采加工,煤炭开采
SZ300563,通信设备,通信线缆及配套
SZ002119,半导体,半导体材料
SZ300678,IT服务,IT服务
SZ000063,通信设备,通信网络设备及器件
SH603889,纺织制造,其他纺织
SH600699,汽车零部件,汽车电子电气系统
SZ001317,物流,物流
SZ301229,汽车零部件,底盘与发动机系统
SH601311,电池,其他电池
SZ300283,电网设备,输变电设备
SZ300481,电子化学品,电子化学品
SZ300155,计算机设备,安防设备
SH688115,通用设备,仪器仪表
SZ300891,化学原料,钛白粉
SZ300553,通用设备,仪器仪表
SZ000559,汽车零部件,底盘与发动机系统
SZ301382,通信服务,通信应用增值服务
SZ002266,环境治理,固废治理
SZ000999,中药,中药
SH603638,工程机械,工程机械
SZ300420,通用设备,其他通用设备
SZ002595,专用设备,其他专用设备
SH688758,化学制药,原料药
SH688466,环境治理,水务及水治理
SH600111,小金属,稀土
SZ301082,电网设备,线缆部件及其他
SH600611,公路铁路运输,公交
SH600479,中药,中药
SZ301135,白色家电,家电零部件
SZ002890,专用设备,农用机械
SZ300144,旅游及酒店,人工景点
SH688720,半导体,半导体材料
SZ300647,消费电子,消费电子零部件及组装
SZ301067,消费电子,消费电子零部件及组装
SZ002625,军工装备,航空装备
SZ002865,光伏设备,光伏电池组件
SZ300901,服装家纺,鞋帽及其他
SH600550,电网设备,输变电设备
SH600571,软件开发,垂直应用软件
SH600661,教育,教育
SH600761,工程机械,工程机械
SZ300876,化学纤维,其他纤维
SZ002787,包装印刷,包装
SH600106,公路铁路运输,高速公路
SZ002603,中药,中药
SZ300624,软件开发,横向通用软件
SZ002484,元件,被动元件
SZ300048,建筑装饰,专业工程
SZ002845,光学光电子,面板
SZ300925,软件开发,垂直应用软件
SH688721,半导体,半导体材料
SZ300967,养殖业,肉鸡养殖
SH600406,电网设备,电气自控设备
SZ301598,专用设备,其他专用设备
SH600196,化学制药,化学制剂
SH605068,汽车零部件,车身附件及饰件
SZ002564,专用设备,能源及重型设备
SH688100,通信设备,通信终端及配件
SZ300077,半导体,数字芯片设计
SH603070,电网设备,输变电设备
SH605003,服装家纺,家纺
SZ000050,光学光电子,面板
SZ000935,多元金融,多元金融
SH600116,电力,电能综合服务
SH603375,半导体,模拟芯片设计
SZ300741,化学制品,食品及饲料添加剂
SH688536,半导体,模拟芯片设计
SZ300617,电网设备,输变电设备
SH603505,化学制品,氟化工
SZ300024,自动化设备,机器人
SZ000058,零售,商业物业经营
SZ002779,专用设备,农用机械
SH600993,中药,中药
SH688007,消费电子,品牌消费电子
SH603270,通用设备,金属制品
SZ000672,建筑材料,水泥
SH688211,通用设备,其他通用设备
SZ300489,光学光电子,光学元件
SZ301022,汽车零部件,其他汽车零部件
SH688606,医疗器械,体外诊断
SZ300847,计算机设备,其他计算机设备
SZ300690,风电设备,风电零部件
SZ002752,包装印刷,包装
SZ002998,化学纤维,涤纶
SH603120,化学制品,其他化学制品
SZ300610,化学制品,其他化学制品
SZ000564,零售,百货零售
SH600749,旅游及酒店,自然景点
SZ002032,小家电,小家电
SZ002130,其他电子,其他电子
SH600510,房地产,住宅开发
SZ300327,半导体,数字芯片设计
SH603155,化学制品,有机硅
SH600500,化学制品,其他化学制品
SZ300454,软件开发,横向通用软件
SZ003006,美容护理,个护用品
SH603610,家居用品,成品家居
SH688448,通用设备,其他通用设备
SZ002690,专用设备,其他专用设备
SH688339,电池,其他电池
SH600120,多元金融,多元金融
SZ002859,其他电子,其他电子
SZ300652,汽车零部件,轮胎轮毂
SZ300715,建筑材料,其他建材
SZ002175,通用设备,仪器仪表
SH688325,半导体,模拟芯片设计
SH689009,汽车服务及其他,其他运输设备
SH603037,汽车零部件,底盘与发动机系统
SZ002391,农化制品,农药
SZ300644,塑料制品,改性塑料
SZ300195,专用设备,印刷包装机械
SZ001218,化学制品,其他化学制品
SH600676,综合,综合
SH603320,电机,电机
SH603709,家居用品,成品家居
SH601702,工业金属,铝
SZ001228,物流,物流
SH688011,军工电子,军工电子
SH601801,文化传媒,出版
SZ301551,文化传媒,电视广播
SZ000886,公路铁路运输,高速公路
SZ300037,电池,电池化学品
SH688113,专用设备,其他专用设备
SZ301024,建筑装饰,工程咨询服务
SH603118,通信设备,通信终端及配件
SH603633,汽车零部件,汽车电子电气系统
SZ300631,环保设备,环保设备
SH688206,软件开发,垂直应用软件
SH603380,消费电子,消费电子零部件及组装
SZ300567,通用设备,仪器仪表
SZ301368,通用设备,金属制品
SZ000799,白酒,白酒
SZ300059,证券,证券
SZ000551,环保设备,环保设备
SZ300101,军工电子,军工电子
SZ001288,专用设备,能源及重型设备
SZ003008,其他社会服务,专业服务
SZ002644,中药,中药
SZ002017,通信设备,通信终端及配件
SH603589,白酒,白酒
SZ301190,化学原料,其他化学原料
SZ300648,电池,锂电专用设备
SH600104,汽车整车,乘用车
SH600621,证券,证券
SH601788,证券,证券
SZ300094,养殖业,水产养殖
SZ002023,军工装备,航空装备
SZ000020,光学光电子,面板
SZ300832,医疗器械,体外诊断
SZ000029,房地产,住宅开发
SH688305,通用设备,机床工具
SZ301092,塑料制品,合成树脂
SZ300103,专用设备,其他专用设备
SZ002741,电子化学品,电子化学品
SZ002892,电机,电机
SZ300540,专用设备,其他专用设备
SZ002847,食品加工制造,休闲食品
SZ000938,IT服务,IT服务
SZ301448,通用设备,其他通用设备
SZ002439,软件开发,横向通用软件
SZ301121,电池,锂电池
SZ002992,光学光电子,LED
SZ000409,IT服务,IT服务
SH603351,化学制药,原料药
SZ002292,影视院线,影视院线
SH603168,化学制药,化学制剂
SZ300917,房地产,房地产服务
SH688306,自动化设备,其他自动化设备
SZ001382,电网设备,线缆部件及其他
SZ002659,教育,教育
SZ002103,家居用品,文娱用品
SH688439,军工电子,军工电子
SH600835,专用设备,楼宇设备
SZ300521,专用设备,印刷包装机械
SZ300933,电网设备,线缆部件及其他
SH603180,家居用品,定制家居
SH603338,工程机械,工程机械
SH603014,医疗器械,医疗耗材
SH603801,家居用品,定制家居
SH688171,软件开发,横向通用软件
SH601098,文化传媒,出版
SZ001395,专用设备,其他专用设备
SZ002790,家居用品,其他家居用品
SZ002252,生物制品,血液制品
SH603275,自动化设备,工控设备
SZ300219,光学光电子,LED
SH688618,通信设备,通信网络设备及器件
SH600703,光学光电子,LED
SZ002540,工业金属,铝
SZ301511,电池,锂电池
SZ300467,游戏,游戏
SZ300250,IT服务,IT服务
SH600459,小金属,其他小金属
SZ300098,通信设备,通信网络设备及器件
SH600212,其他电源设备,其他电源设备
SH688219,塑料制品,改性塑料
SZ002681,消费电子,消费电子零部件及组装
SZ300466,通用设备,仪器仪表
SZ300599,建筑材料,管材
SZ002462,医药商业,医药流通
SZ001391,物流,物流
SZ000758,工业金属,铅锌
SH600497,工业金属,铅锌
SZ300551,计算机设备,其他计算机设备
SH603266,汽车零部件,车身附件及饰件
SH600641,半导体,半导体材料
SZ301581,汽车零部件,汽车电子电气系统
SZ300082,化学原料,其他化学原料
SH600444,专用设备,其他专用设备
SZ300950,专用设备,能源及重型设备
SH600618,化学原料,氯碱
SH603092,风电设备,风电零部件
SH603960,自动化设备,其他自动化设备
SZ002986,石油加工贸易,石油加工
SH688334,其他社会服务,专业服务
SH688148,电池,电池化学品
SZ002736,证券,证券
SH603267,军工电子,军工电子
SZ002256,电力,新能源发电
SH603637,建筑装饰,专业工程
SH603126,环境治理,固废治理
SH603023,汽车零部件,汽车电子电气系统
SH603718,医疗器械,医疗耗材
SH603072,金属新材料,磁性材料
SH601298,港口航运,港口
SZ000568,白酒,白酒
SZ300271,软件开发,垂直应用软件
SZ002140,建筑装饰,专业工程
SH600877,半导体,模拟芯片设计
SZ002204,专用设备,能源及重型设备
SH688299,光学光电子,面板
SZ000969,金属新材料,其他金属新材料
SZ002577,计算机设备,其他计算机设备
SZ300697,工业金属,铜
SH601966,汽车零部件,轮胎轮毂
SZ002088,建筑材料,耐火材料
SH603577,电网设备,线缆部件及其他
SZ002137,光学光电子,LED
SH600351,中药,中药
SH603027,食品加工制造,调味发酵品
SZ002248,通用设备,机床工具
SZ000707,化学原料,纯碱
SZ003039,环境治理,水务及水治理
SH600800,石油加工贸易,石油加工
SH603379,化学制品,氟化工
SH688121,专用设备,能源及重型设备
SZ301262,文化传媒,电视广播
SZ300865,专用设备,能源及重型设备
SH600007,房地产,商业地产
SZ300443,风电设备,风电零部件
SZ002112,电网设备,输变电设备
SZ301616,通用设备,其他通用设备
SZ300290,IT服务,IT服务
SZ301170,汽车零部件,底盘与发动机系统
SZ300306,通用设备,仪器仪表
SZ300987,文化传媒,数字媒体
SZ002238,文化传媒,电视广播
SZ300398,电子化学品,电子化学品
SZ301289,其他社会服务,专业服务
SZ002167,小金属,其他小金属
SH600063,化学纤维,其他纤维
SZ300242,文化传媒,广告营销
SZ000655,钢铁,冶钢原料
SH603719,食品加工制造,休闲食品
SH600580,电机,电机
SZ300061,文化传媒,广告营销
SZ300348,软件开发,垂直应用软件
SZ301026,小金属,其他小金属
SZ000420,化学纤维,粘胶
SZ301565,塑料制品,膜材料
SZ002270,电网设备,输变电设备
SZ002725,汽车零部件,轮胎轮毂
SZ000779,建筑装饰,工程咨询服务
SH605580,电力,热力
SZ300939,光学光电子,面板
SZ002506,光伏设备,光伏电池组件
SZ002148,通信服务,通信应用增值服务
SZ002279,软件开发,横向通用软件
SZ002350,电网设备,输变电设备
SZ300667,通用设备,仪器仪表
SZ002045,消费电子,品牌消费电子
SH601666,煤炭开采加工,煤炭开采
SZ301222,电池,其他电池
SZ002226,化学制品,民爆用品
SZ300450,电池,锂电专用设备
SH688182,通信设备,通信网络设备及器件
SH603738,元件,被动元件
SH603418,汽车零部件,车身附件及饰件
SH600203,消费电子,消费电子零部件及组装
SH688386,塑料制品,膜材料
SZ300375,汽车零部件,底盘与发动机系统
SZ002942,农化制品,农药
SH600053,多元金融,多元金融
SH600536,IT服务,IT服务
SZ300719,军工装备,航空装备
SZ002161,其他电子,其他电子
SH688778,电池,电池化学品
SZ000591,电力,新能源发电
SH603029,专用设备,农用机械
SZ002657,IT服务,IT服务
SZ000628,建筑装饰,房屋建设
SZ300809,通用设备,机床工具
SH603900,服装家纺,饰品
SZ300795,其他社会服务,专业服务
SZ301578,黑色家电,其他黑色家电
SZ301023,电机,电机
SH600770,综合,综合
SZ300066,通用设备,仪器仪表
SZ300949,建筑装饰,装饰园林
SH601888,零售,旅游零售
SZ301559,通用设备,金属制品
SH688163,生物制品,血液制品
SZ002327,服装家纺,家纺
SH603848,家居用品,成品家居
SH603408,家居用品,其他家居用品
SZ002520,通用设备,机床工具
SZ301360,自动化设备,其他自动化设备
SZ001366,农产品加工,畜禽饲料
SH688779,电池,电池化学品
SH600651,汽车零部件,汽车电子电气系统
SZ301418,自动化设备,工控设备
SH603162,港口航运,航运
SH603282,环保设备,环保设备
SH688071,专用设备,其他专用设备
SZ300893,汽车零部件,车身附件及饰件
SZ000881,化学制品,其他化学制品
SZ002014,包装印刷,包装
SZ300892,饮料制造,乳品
SZ300718,通用设备,金属制品
SZ002356,零售,百货零售
SZ300386,计算机设备,其他计算机设备
SH688377,专用设备,能源及重型设备
SZ300126,通用设备,其他通用设备
SZ000953,化学制药,原料药
SZ000536,光学光电子,面板
SH688257,通用设备,金属制品
SH603310,化学制品,氟化工
SH601008,港口航运,港口
SH688122,军工装备,航空装备
SZ000553,农化制品,农药
SH600273,化学制品,其他化学制品
SH601096,电网设备,线缆部件及其他
SZ000955,纺织制造,其他纺织
SZ000910,家居用品,瓷砖地板
SH688739,生物制品,疫苗
SH600300,饮料制造,软饮料
SZ300990,通用设备,制冷空调设备
SZ300989,建筑装饰,工程咨询服务
SH605336,厨卫电器,厨卫电器
SH603648,物流,物流
SZ300770,文化传媒,电视广播
SZ301575,家居用品,其他家居用品
SZ002057,其他社会服务,专业服务
SZ002950,医疗器械,医疗耗材
SZ300510,电网设备,电气自控设备
SZ001226,工程机械,工程机械
SZ300572,通用设备,仪器仪表
SZ300783,食品加工制造,休闲食品
SZ001386,家居用品,瓷砖地板
SH603392,医疗器械,体外诊断
SZ301053,专用设备,纺织服装设备
SZ002343,影视院线,影视院线
SZ002362,软件开发,垂直应用软件
SZ001279,包装印刷,印刷
SZ002117,包装印刷,印刷
SH603466,文化传媒,数字媒体
SH600885,电网设备,输变电设备
SZ301502,电机,电机
SZ300141,电网设备,输变电设备
SZ300182,影视院线,影视院线
SH601600,工业金属,铝
SH600507,钢铁,特钢
SZ301505,建筑装饰,工程咨询服务
SH601999,文化传媒,出版
SH601555,证券,证券
SZ301311,通用设备,其他通用设备
SH688636,军工电子,军工电子
SZ301231,文化传媒,出版
SZ002877,通用设备,金属制品
SZ002530,通用设备,其他通用设备
SH688084,军工电子,军工电子
SZ300067,化学制品,纺织化学用品
SZ002802,化学制品,其他化学制品
SH603080,燃气,燃气
SH601339,纺织制造,棉纺
SH603383,软件开发,垂直应用软件
SZ300148,文化传媒,出版
SH603661,家居用品,成品家居
SH603860,建筑装饰,工程咨询服务
SH600560,专用设备,能源及重型设备
SH605186,自动化设备,其他自动化设备
SH603231,农产品加工,粮油加工
SZ301113,家居用品,其他家居用品
SH600628,零售,百货零售
SH603706,燃气,燃气
SZ002551,医疗器械,医疗耗材
SZ002420,汽车零部件,车身附件及饰件
SZ002967,其他社会服务,专业服务
SH600328,化学原料,无机盐
SH601336,保险,保险
SZ002154,服装家纺,服装
SH601198,证券,证券
SZ002971,化学制品,其他化学制品
SH600221,机场航运,航空运输
SH688570,自动化设备,工控设备
SH688586,军工装备,航空装备
SZ300805,文化传媒,广告营销
SZ300252,军工电子,军工电子
SZ000031,房地产,商业地产
SZ000712,证券,证券
SH600829,医药商业,医药流通
SZ002685,工程机械,工程机械
SZ002875,服装家纺,服装
SH603232,软件开发,横向通用软件
SZ002888,消费电子,品牌消费电子
SZ300898,饮料制造,乳品
SH600983,白色家电,冰洗
SZ002442,橡胶制品,炭黑
SZ002884,通用设备,其他通用设备
SZ300220,自动化设备,激光设备
SZ002646,白酒,白酒
SZ002191,包装印刷,包装
SZ301039,汽车整车,商用载货车
SZ002817,医疗器械,医疗耗材
SH603600,家居用品,成品家居
SZ002358,电网设备,输变电设备
SH603683,化学制品,其他化学制品
SH688509,IT服务,IT服务
SH600572,中药,中药
SZ001338,农产品加工,其他农产品加工
SZ001323,家居用品,成品家居
SH600882,饮料制造,乳品
SH688311,军工电子,军工电子
SZ002011,白色家电,家电零部件
SH688450,电网设备,电气自控设备
SH600771,中药,中药
SH605033,农化制品,农药
SZ300848,化学制品,聚氨酯
SZ002606,电网设备,线缆部件及其他
SZ300075,软件开发,垂直应用软件
SZ002524,医疗服务,医院
SH688620,半导体,数字芯片设计
SH600640,文化传媒,数字媒体
SH600288,软件开发,横向通用软件
SH603194,工程机械,工程机械
SZ300674,IT服务,IT服务
SZ301456,风电设备,风电零部件
SZ002286,农产品加工,其他农产品加工
SH600529,医疗器械,医疗耗材
SZ300380,软件开发,垂直应用软件
SZ002977,军工电子,军工电子
SH603518,服装家纺,服装
SZ002052,其他电源设备,其他电源设备
SZ300945,服装家纺,饰品
SZ002062,建筑装饰,基础建设
SZ301025,文化传媒,出版
SZ002727,医药商业,药店
SZ300289,医疗器械,体外诊断
SZ002398,建筑材料,其他建材
SZ002857,电网设备,电气自控设备
SH603171,IT服务,IT服务
SZ300137,环保设备,环保设备
SZ300747,自动化设备,激光设备
SH603324,环保设备,环保设备
SH600808,钢铁,普钢
SH600610,化学原料,其他化学原料
SH603927,软件开发,垂直应用软件
SZ300852,元件,印制电路板
SH688218,自动化设备,机器人
SZ301272,通用设备,制冷空调设备
SZ301078,零售,专业连锁
SZ001296,非金属材料,非金属材料
SZ000837,通用设备,机床工具
SZ000032,建筑装饰,专业工程
SZ000751,工业金属,铅锌
SZ002846,包装印刷,包装
SH600958,证券,证券
SZ300035,电池,电池化学品
SZ002585,塑料制品,膜材料
SH601901,证券,证券
SH603096,文化传媒,出版
SZ301468,专用设备,其他专用设备
SZ300036,软件开发,垂直应用软件
SH600308,造纸,造纸
SZ000733,军工电子,军工电子
SH600420,化学制药,化学制剂
SZ300796,农化制品,农药
SZ002481,农产品加工,其他农产品加工
SH688283,通信设备,其他通信设备
SH688538,光学光电子,面板
SH603995,钢铁,特钢
SZ301049,环境治理,固废治理
SZ301560,汽车零部件,底盘与发动机系统
SZ300680,汽车零部件,底盘与发动机系统
SH603836,物流,物流
SZ002337,专用设备,其他专用设备
SZ300382,专用设备,其他专用设备
SH605188,零售,百货零售
SZ301320,自动化设备,工控设备
SZ001202,物流,物流
SH688728,半导体,数字芯片设计
SH688050,医疗器械,医疗耗材
SH601696,证券,证券
SH603260,化学制品,有机硅
SZ002765,汽车零部件,底盘与发动机系统
SZ300575,农化制品,农药
SH601187,银行,城商行
SH600138,旅游及酒店,人工景点
SH600299,化学制品,食品及饲料添加剂
SZ300797,其他社会服务,专业服务
SZ300068,电池,锂电池
SH603214,零售,专业连锁
SZ002968,房地产,房地产服务
SH600575,电力,火电
SZ300826,建筑装饰,工程咨询服务
SZ300817,通用设备,金属制品
SZ300732,建筑装饰,工程咨询服务
SZ300247,小家电,小家电
SH601003,钢铁,普钢
SZ300218,塑料制品,其他塑料制品
SH601567,电网设备,输变电设备
SZ301028,通用设备,其他通用设备
SH600095,证券,证券
SH688065,化学制品,其他化学制品
SZ000538,中药,中药
SH603797,环境治理,水务及水治理
SH603726,白色家电,家电零部件
SZ002457,建筑材料,管材
SH603075,白色家电,家电零部件
SZ300849,美容护理,化妆品
SH601059,证券,证券
SH688577,通用设备,机床工具
SH688056,通用设备,仪器仪表
SZ300112,通用设备,仪器仪表
SH688279,半导体,数字芯片设计
SZ000798,养殖业,海洋捕捞
SZ300070,环境治理,水务及水治理
SZ000708,钢铁,特钢
SH603786,汽车零部件,汽车电子电气系统
SH603605,美容护理,化妆品
SZ000166,证券,证券
SZ301439,电网设备,线缆部件及其他
SH601921,文化传媒,出版
SH600456,小金属,其他小金属
SH601000,港口航运,港口
SH600418,汽车整车,商用载货车
SZ300324,计算机设备,其他计算机设备
SZ001298,其他电子,其他电子
SZ000404,白色家电,家电零部件
SZ301337,软件开发,垂直应用软件
SZ301197,通用设备,仪器仪表
SZ300267,化学制药,原料药
SH600036,银行,股份制银行
SZ300230,塑料制品,其他塑料制品
SH600208,房地产,住宅开发
SH600839,黑色家电,彩电
SZ000545,化学原料,钛白粉
SZ000507,港口航运,港口
SH605299,家居用品,文娱用品
SZ001356,家居用品,其他家居用品
SZ003026,半导体,半导体材料
SH603598,文化传媒,广告营销
SH600909,证券,证券
SZ300717,塑料制品,其他塑料制品
SZ002982,养殖业,肉鸡养殖
SZ300387,农化制品,复合肥
SZ300758,化学制品,涂料油墨
SZ301629,半导体,半导体设备
SH600436,中药,中药
SZ000795,金属新材料,磁性材料
SZ301159,软件开发,垂直应用软件
SZ300821,化学制品,有机硅
SZ001260,汽车零部件,车身附件及饰件
SZ301160,通用设备,金属制品
SZ301586,军工装备,航空装备
SH600570,软件开发,垂直应用软件
SZ300842,光伏设备,光伏辅材
SZ300781,文化传媒,广告营销
SZ000002,房地产,住宅开发
SH603069,公路铁路运输,公交
SZ000819,石油加工贸易,石油加工
SH688583,通用设备,仪器仪表
SH600707,光学光电子,面板
SZ300388,环境治理,水务及水治理
SH603370,电机,电机
SZ301001,互联网电商,互联网电商
SH605066,电网设备,输变电设备
SH600728,IT服务,IT服务
SH603341,消费电子,消费电子零部件及组装
SH603617,通用设备,其他通用设备
SZ002037,化学制品,民爆用品
SZ300323,光学光电子,LED
SZ301195,软件开发,垂直应用软件
SZ002275,中药,中药
SZ300529,医疗器械,医疗耗材
SZ300535,化学制品,其他化学制品
SH601882,通用设备,机床工具
SZ300040,电力,电能综合服务
SH603368,医药商业,医药流通
SH601019,文化传媒,出版
SZ000007,零售,商业物业经营
SH600477,建筑装饰,专业工程
SZ002879,电网设备,线缆部件及其他
SZ300883,包装印刷,包装
SH600185,零售,旅游零售
SH600859,零售,百货零售
SZ301585,化学制品,纺织化学用品
SZ002094,家居用品,其他家居用品
SZ002893,电力,热力
SH688296,软件开发,垂直应用软件
SZ300031,游戏,游戏
SH600268,电网设备,电气自控设备
SH601956,白色家电,家电零部件
SZ002125,电池,电池化学品
SH688651,软件开发,横向通用软件
SZ002946,饮料制造,乳品
SZ002458,养殖业,肉鸡养殖
SZ002945,证券,证券
SH688789,专用设备,纺织服装设备
SH600609,汽车零部件,车身附件及饰件
SZ002467,通信服务,通信应用增值服务
SZ301307,通信设备,通信网络设备及器件
SZ300504,通信设备,通信终端及配件
SZ002835,计算机设备,安防设备
SZ002542,建筑装饰,专业工程
SZ001373,光学光电子,光学元件
SH601360,软件开发,横向通用软件
SH603239,汽车零部件,其他汽车零部件
SH688619,计算机设备,安防设备
SZ002276,电网设备,线缆部件及其他
SH603050,电网设备,电气自控设备
SZ301332,小家电,小家电
SZ002388,其他电子,其他电子
SZ002201,建筑材料,玻璃玻纤
SH600048,房地产,住宅开发
SZ002304,白酒,白酒
SZ301131,塑料制品,改性塑料
SH601636,建筑材料,玻璃玻纤
SZ002219,医疗服务,医院
SH603350,电机,电机
SZ000988,自动化设备,激光设备
SH600143,塑料制品,改性塑料
SH603223,石油加工贸易,油品石化贸易
SH688802,半导体,数字芯片设计
SZ000869,饮料制造,其他酒类
SZ002425,游戏,游戏
SH601377,证券,证券
SZ003040,通信设备,通信终端及配件
SZ300457,电池,锂电专用设备
SZ002081,建筑装饰,装饰园林
SZ000889,通信服务,通信工程及服务
SH603606,电网设备,线缆部件及其他
SH603167,港口航运,航运
SH600375,汽车整车,商用载货车
SZ000544,环境治理,水务及水治理
SH600062,化学制药,化学制剂
SZ300105,环保设备,环保设备
SH600373,文化传媒,出版
SZ000563,多元金融,多元金融
SH603609,农产品加工,畜禽饲料
SH688455,通用设备,其他通用设备
SH688781,光学光电子,面板
SZ002714,养殖业,生猪养殖
SZ002683,化学制品,民爆用品
SZ300919,电池,电池化学品
SH603213,化学原料,氯碱
SZ000100,光学光电子,面板
SZ002735,包装印刷,包装
SZ000530,通用设备,制冷空调设备
SZ301246,化学制药,原料药
SZ301291,电网设备,输变电设备
SH603173,专用设备,能源及重型设备
SZ002987,软件开发,垂直应用软件
SZ300256,消费电子,消费电子零部件及组装
SZ002194,通信设备,通信网络设备及器件
SZ000567,多元金融,多元金融
SH605180,纺织制造,其他纺织
SZ300287,IT服务,IT服务
SZ000852,专用设备,能源及重型设备
SZ001313,农产品加工,水产饲料
SZ002696,农产品加工,水产饲料
SH603662,通用设备,仪器仪表
SH600419,饮料制造,乳品
SZ301215,汽车服务及其他,汽车服务
SH600061,证券,证券
SH688722,化学纤维,其他纤维
SZ002724,光学光电子,LED
SH600452,电力,电能综合服务
SZ301031,其他电子,其他电子
SZ300351,轨交设备,轨交设备
SZ002562,化学制品,食品及饲料添加剂
SZ002373,IT服务,IT服务
SH600990,军工电子,军工电子
SH603280,工程机械,工程机械
SH603881,通信服务,通信应用增值服务
SH603501,半导体,数字芯片设计
SZ002184,自动化设备,工控设备
SZ300079,IT服务,IT服务
SZ300543,消费电子,消费电子零部件及组装
SZ001872,港口航运,港口
SZ301152,电池,电池化学品
SZ002369,消费电子,消费电子零部件及组装
SH603777,食品加工制造,休闲食品
SH603209,港口航运,航运
SZ002339,电网设备,电气自控设备
SH603210,汽车零部件,其他汽车零部件
SZ300197,环境治理,综合环境治理
SH601222,电网设备,电气自控设备
SZ301626,消费电子,消费电子零部件及组装
SZ000726,纺织制造,棉纺
SH603788,汽车零部件,底盘与发动机系统
SZ300188,软件开发,横向通用软件
SZ301002,光学光电子,LED
SH603990,软件开发,垂直应用软件
SZ300176,汽车零部件,底盘与发动机系统
SH601919,港口航运,航运
SH600551,文化传媒,出版
SH603190,汽车零部件,其他汽车零部件
SZ000948,软件开发,垂直应用软件
SZ000796,旅游及酒店,旅游综合
SZ002915,化学制品,氟化工
SH600649,房地产,住宅开发
SZ300474,军工电子,军工电子
SZ300150,IT服务,IT服务
SZ300737,建筑材料,其他建材
SH688019,电子化学品,电子化学品
SZ002907,中药,中药
SH600388,环保设备,环保设备
SZ000012,建筑材料,玻璃玻纤
SZ000059,石油加工贸易,石油加工
SZ002165,化学制品,聚氨酯
SZ002829,军工装备,航天装备
SH603106,计算机设备,其他计算机设备
SZ301378,软件开发,垂直应用软件
SH600782,钢铁,普钢
SZ002614,小家电,小家电
SH601066,证券,证券
SZ301369,半导体,半导体设备
SZ002722,专用设备,纺织服装设备
SH600883,种植业与林业,其他种植业
SH601061,贸易,贸易
SH600284,建筑装饰,基础建设
SH603357,建筑装饰,工程咨询服务
SZ300978,汽车零部件,车身附件及饰件
SH600819,建筑材料,玻璃玻纤
SH603345,食品加工制造,预加工食品
SH600535,中药,中药
SH600004,机场航运,机场
SZ301220,化学制品,食品及饲料添加剂
SH603701,汽车零部件,底盘与发动机系统
SZ300129,风电设备,风电零部件
SZ301075,化学制药,化学制剂
SZ002123,通信服务,通信应用增值服务
SH601399,专用设备,能源及重型设备
SZ002572,家居用品,定制家居
SH600515,机场航运,机场
SZ002402,白色家电,家电零部件
SZ001396,其他社会服务,专业服务
SZ003025,通用设备,机床工具
SZ000885,环境治理,固废治理
SH603327,消费电子,消费电子零部件及组装
SZ002747,自动化设备,机器人
SH600449,建筑材料,水泥
SZ301515,医疗器械,医疗设备
SH600218,汽车零部件,底盘与发动机系统
SZ300354,通用设备,仪器仪表
SH603018,建筑装饰,工程咨询服务
SZ300047,软件开发,垂直应用软件
SH605368,燃气,燃气
SZ002617,电力,新能源发电
SH600170,建筑装饰,房屋建设
SZ002303,包装印刷,包装
SH600261,光学光电子,LED
SH600019,钢铁,普钢
SZ300586,塑料制品,改性塑料
SZ002227,其他电源设备,其他电源设备
SH600655,零售,商业物业经营
SH600787,物流,物流
SZ002170,农化制品,复合肥
SH600131,IT服务,IT服务
SH688203,塑料制品,改性塑料
SH688631,软件开发,垂直应用软件
SH600055,医疗器械,医疗设备
SH603611,工程机械,工程机械
SZ000858,白酒,白酒
SZ000902,农化制品,复合肥
SZ002516,汽车零部件,车身附件及饰件
SZ003029,软件开发,横向通用软件
SZ300355,环境治理,综合环境治理
SZ002809,化学制品,其他化学制品
SZ002141,养殖业,动物保健
SZ000026,服装家纺,饰品
SH600109,证券,证券
SZ000028,医药商业,医药流通
SZ301199,自动化设备,机器人
SZ000683,化学原料,纯碱
SH601200,环境治理,固废治理
SH605365,光学光电子,LED
SZ000803,环境治理,固废治理
SZ001234,服装家纺,服装
SH603899,家居用品,文娱用品
SZ300659,计算机设备,其他计算机设备
SZ300679,消费电子,消费电子零部件及组装
SH688191,IT服务,IT服务
SZ300838,通用设备,金属制品
SH600187,环境治理,水务及水治理
SH603496,计算机设备,其他计算机设备
SH688475,计算机设备,安防设备
SZ000723,煤炭开采加工,焦炭加工
SH603879,塑料制品,合成树脂
SH600973,电网设备,线缆部件及其他
SH600686,汽车整车,商用载客车
SZ301539,汽车零部件,轮胎轮毂
SH600353,其他电子,其他电子
SZ000856,专用设备,其他专用设备
SZ301580,医疗器械,医疗耗材
SZ002318,钢铁,特钢
SH600089,综合,综合
SZ002539,农化制品,复合肥
SH603888,文化传媒,数字媒体
SZ300528,影视院线,影视院线
SZ000532,多元金融,多元金融
SH600884,光学光电子,面板
SH600867,生物制品,其他生物制品
SZ002093,通信服务,通信工程及服务
SH603928,塑料制品,合成树脂
SH600873,化学制品,食品及饲料添加剂
SH603816,家居用品,成品家居
SZ301149,化学制品,其他化学制品
SZ002476,石油加工贸易,石油加工
SZ300281,专用设备,其他专用设备
SH601669,建筑装饰,基础建设
SH603102,食品加工制造,其他食品
SH688500,IT服务,IT服务
SH601512,房地产,产业地产
SH600688,石油加工贸易,石油加工
SZ002409,半导体,半导体材料
SH603175,元件,印制电路板
SH600814,零售,百货零售
SZ002763,服装家纺,服装
SH603908,服装家纺,鞋帽及其他
SZ002104,通信设备,通信终端及配件
SZ301636,光伏设备,光伏电池组件
SH600779,白酒,白酒
SH600035,公路铁路运输,高速公路
SH600880,软件开发,垂直应用软件
SZ002601,化学原料,钛白粉
SZ300983,建筑装饰,工程咨询服务
SH603982,汽车零部件,底盘与发动机系统
SH600475,电力,热力
SZ001285,汽车零部件,底盘与发动机系统
SZ001277,专用设备,能源及重型设备
SZ002537,汽车零部件,车身附件及饰件
SZ001378,塑料制品,膜材料
SZ000560,房地产,房地产服务
SH600133,环境治理,综合环境治理
SH600438,光伏设备,硅料硅片
SZ003011,家居用品,瓷砖地板
SZ001280,小金属,其他小金属
SZ002095,文化传媒,数字媒体
SZ002216,食品加工制造,预加工食品
SH603970,农化制品,农药
SH603041,化学制品,聚氨酯
SZ300902,专用设备,其他专用设备
SH601127,汽车整车,乘用车
SZ002739,影视院线,影视院线
SH603999,文化传媒,出版
SH601928,文化传媒,出版
SZ002197,IT服务,IT服务
SH600129,中药,中药
SZ002487,风电设备,风电零部件
SH600702,白酒,白酒
SZ300839,石油加工贸易,石油加工
SZ300853,自动化设备,机器人
SH688349,风电设备,风电整机
SH688183,元件,印制电路板
SZ002153,软件开发,垂直应用软件
SZ000802,影视院线,影视院线
SH600495,轨交设备,轨交设备
SZ002340,电池,电池化学品
SZ002600,消费电子,消费电子零部件及组装
SZ301057,化学纤维,涤纶
SZ002939,证券,证券
SZ300422,环境治理,水务及水治理
SZ301317,通用设备,其他通用设备
SZ300710,通信设备,通信网络设备及器件
SZ002236,计算机设备,安防设备
SH600933,汽车零部件,底盘与发动机系统
SZ002302,建筑材料,水泥
SZ300912,汽车零部件,其他汽车零部件
SZ002908,IT服务,IT服务
SZ001306,通用设备,金属制品
SZ301353,通用设备,其他通用设备
SH601900,文化传媒,出版
SZ300860,其他社会服务,专业服务
SZ300597,通信服务,通信工程及服务
SZ002677,厨卫电器,厨卫电器
SZ301577,通信设备,通信网络设备及器件
SZ300750,电池,锂电池
SH603301,医疗器械,医疗耗材
SH600833,医药商业,药店
SZ001360,专用设备,能源及重型设备
SH603035,汽车零部件,车身附件及饰件
SH603376,汽车零部件,汽车电子电气系统
SH600216,化学制药,原料药
SZ000997,计算机设备,其他计算机设备
SZ000056,零售,商业物业经营
SH603053,燃气,燃气
SZ300932,电网设备,输变电设备
SZ000686,证券,证券
SZ300087,种植业与林业,种子生产
SZ301656,汽车零部件,汽车电子电气系统
SH603406,化学纤维,涤纶
SZ300441,通用设备,其他通用设备
SH600793,造纸,造纸
SZ002415,计算机设备,安防设备
SH605339,食品加工制造,休闲食品
SH600862,军工装备,航空装备
SZ002760,通用设备,磨具磨料
SH603178,汽车零部件,底盘与发动机系统
SH600763,医疗服务,医院
SZ002223,医疗器械,医疗设备
SH600694,零售,百货零售
SH601366,零售,百货零售
SZ300894,厨卫电器,厨卫电器
SZ300708,光学光电子,LED
SZ300187,环境治理,综合环境治理
SZ300269,光学光电子,LED
SH600704,物流,物流
SH688132,军工电子,军工电子
SZ301069,化学原料,其他化学原料
SH600369,证券,证券
SZ300600,军工装备,航海装备
SH603060,其他社会服务,专业服务
SH600171,半导体,模拟芯片设计
SH688709,半导体,模拟芯片设计
SH601065,化学原料,无机盐
SH603918,IT服务,IT服务
SZ300076,光学光电子,面板
SZ301161,工程机械,工程机械
SZ002949,建筑装饰,工程咨询服务
SZ002186,旅游及酒店,餐饮
SZ002254,化学纤维,其他纤维
SZ002066,建筑材料,耐火材料
SH600182,汽车零部件,轮胎轮毂
SH601968,包装印刷,包装
SH601121,钢铁,冶钢原料
SH600962,饮料制造,软饮料
SH600132,饮料制造,啤酒
SZ002628,建筑装饰,基础建设
SH605566,化学制品,纺织化学用品
SZ000066,计算机设备,其他计算机设备
SZ002674,纺织制造,辅料
SH603535,物流,物流
SH688468,医疗器械,体外诊断
SZ001896,电力,火电
SZ300635,建筑装饰,工程咨询服务
SZ002862,家居用品,文娱用品
SZ002086,医疗器械,体外诊断
SH600971,煤炭开采加工,煤炭开采
SH601038,专用设备,农用机械
SH601881,证券,证券
SH688210,消费电子,消费电子零部件及组装
SH603588,环境治理,固废治理
SH688198,医疗器械,医疗耗材
SZ002860,白色家电,家电零部件
SZ002981,消费电子,消费电子零部件及组装
SH600400,服装家纺,服装
SH600148,汽车零部件,底盘与发动机系统
SH605158,金属新材料,其他金属新材料
SZ300627,通信设备,通信终端及配件
SZ300777,军工装备,航空装备
SH601717,专用设备,能源及重型设备
SH603712,军工电子,军工电子
SH603086,农化制品,农药
SH601500,汽车零部件,轮胎轮毂
SZ002960,专用设备,楼宇设备
SH688659,化学制品,其他化学制品
SH688395,自动化设备,工控设备
SZ001286,电力,火电
SZ300605,软件开发,垂直应用软件
SH603499,包装印刷,包装
SH600745,半导体,分立器件
SH601113,化学纤维,其他纤维
SH600809,白酒,白酒
SZ300922,军工装备,地面兵装
SZ000676,文化传媒,广告营销
SH600671,中药,中药
SH600332,中药,中药
SH603201,通用设备,其他通用设备
SZ300836,专用设备,其他专用设备
SH688146,电子化学品,电子化学品
SZ300556,软件开发,垂直应用软件
SH600481,光伏设备,硅料硅片
SZ002046,通用设备,磨具磨料
SZ002381,橡胶制品,其他橡胶制品
SH688353,电池,电池化学品
SZ300421,通用设备,金属制品
SH603530,电网设备,线缆部件及其他
SH605378,电池,其他电池
SH600179,港口航运,航运
SH688617,医疗器械,医疗耗材
SZ000800,汽车整车,商用载货车
SZ000818,化学原料,氯碱
SH600455,教育,教育
SZ300168,IT服务,IT服务
SH600178,汽车零部件,底盘与发动机系统
SH603284,造纸,造纸
SH600235,造纸,造纸
SZ002344,零售,商业物业经营
SZ300213,通信设备,其他通信设备
SZ002584,电子化学品,电子化学品
SZ001379,通用设备,金属制品
SZ301052,文化传媒,出版
SH600569,钢铁,普钢
SZ002547,汽车零部件,其他汽车零部件
SH601995,证券,证券
SZ002500,证券,证券
SZ000721,旅游及酒店,餐饮
SH603229,化学制药,原料药
SH603396,光伏设备,光伏加工设备
SZ002881,通信设备,通信终端及配件
SH603159,专用设备,其他专用设备
SZ002179,军工电子,军工电子
SH605388,饮料制造,软饮料
SH603883,医药商业,药店
SH600718,IT服务,IT服务
SH603758,汽车零部件,底盘与发动机系统
SZ000893,农化制品,钾肥
SZ000659,包装印刷,包装
SH601607,医药商业,医药流通
SH688365,IT服务,IT服务
SZ000933,工业金属,铝
SH600888,工业金属,铝
SZ002116,建筑装饰,工程咨询服务
SZ002489,家居用品,成品家居
SZ000099,机场航运,航空运输
SH600582,专用设备,能源及重型设备
SH600566,中药,中药
SH600210,包装印刷,包装
SZ002588,农化制品,复合肥
SZ000778,钢铁,普钢
SZ301035,农化制品,农药
SZ000158,IT服务,IT服务
SH603329,物流,物流
SH600084,饮料制造,其他酒类
SH688522,军工电子,军工电子
SZ001330,影视院线,影视院线
SH603681,化学制品,其他化学制品
SZ300636,化学制药,原料药
SZ000709,钢铁,普钢
SZ300423,电网设备,输变电设备
SZ300445,通用设备,仪器仪表
SH603313,家居用品,成品家居
SH601155,房地产,商业地产
SZ300711,通信设备,其他通信设备
SZ300140,环境治理,固废治理
SZ000151,贸易,贸易
SZ300451,软件开发,垂直应用软件
SH600843,专用设备,纺织服装设备
SZ300977,建筑装饰,工程咨询服务
SH600692,房地产,住宅开发
SH603978,金属新材料,其他金属新材料
SH603602,文化传媒,广告营销
SZ301519,环境治理,水务及水治理
SZ300095,专用设备,能源及重型设备
SH603818,家居用品,成品家居
SZ002996,工业金属,铝
SZ002670,证券,证券
SZ002075,钢铁,特钢
SH603206,通信服务,通信工程及服务
SZ301150,电池,锂电池
SZ002418,白色家电,家电零部件
SZ301316,IT服务,IT服务
SZ002554,油气开采及服务,油服工程
SZ002818,零售,商业物业经营
SZ002833,专用设备,其他专用设备
SH603815,建筑装饰,基础建设
SH688565,环境治理,水务及水治理
SZ003037,建筑材料,水泥
SZ300640,家居用品,其他家居用品
SZ300538,塑料制品,改性塑料
SH601858,文化传媒,出版
SH600426,农化制品,氮肥
SH688630,专用设备,其他专用设备
SZ002407,化学制品,氟化工
SZ000055,建筑材料,其他建材
SZ301155,风电设备,风电零部件
SH600918,证券,证券
SH600573,饮料制造,啤酒
SH600503,房地产,住宅开发
SH600021,电力,火电
SZ300146,食品加工制造,其他食品
SH600015,银行,股份制银行
SH603768,汽车零部件,其他汽车零部件
SH600543,饮料制造,其他酒类
SZ301232,风电设备,风电零部件
SH603089,汽车零部件,底盘与发动机系统
SZ001219,食品加工制造,休闲食品
SZ301100,化学制品,其他化学制品
SZ000665,文化传媒,电视广播
SH600467,养殖业,水产养殖
SH601598,物流,物流
SH601799,汽车零部件,车身附件及饰件
SZ002492,物流,物流
SH601162,证券,证券
SZ002348,家居用品,文娱用品
SZ002067,造纸,造纸
SH600141,农化制品,磷肥及磷化工
SZ002782,其他电子,其他电子
SZ000049,电池,锂电池
SH600295,钢铁,冶钢原料
SH600712,零售,百货零售
SZ002766,汽车零部件,汽车电子电气系统
SZ002830,建筑装饰,装饰园林
SH600865,零售,百货零售
SZ300638,通信设备,通信终端及配件
SZ002582,食品加工制造,休闲食品
SZ301613,汽车零部件,其他汽车零部件
SZ300904,风电设备,风电零部件
SH601099,证券,证券
SH688660,风电设备,风电整机
SH600523,汽车零部件,其他汽车零部件
SZ000096,石油加工贸易,油品石化贸易
SH601086,零售,百货零售
SZ301508,其他社会服务,专业服务
SZ301175,环境治理,固废治理
SZ001255,塑料制品,合成树脂
SZ301189,消费电子,品牌消费电子
SZ002371,半导体,半导体设备
SZ000932,钢铁,普钢
SH605333,汽车零部件,汽车电子电气系统
SZ300424,军工装备,航空装备
SH600391,军工装备,航空装备
SH605080,家居用品,文娱用品
SZ002953,电网设备,线缆部件及其他
SZ002701,包装印刷,包装
SH600252,中药,中药
SZ300397,军工电子,军工电子
SZ300179,通用设备,磨具磨料
SZ300810,军工装备,航海装备
SH600845,IT服务,IT服务
SZ000728,证券,证券
SZ300370,通用设备,仪器仪表
SH600816,多元金融,多元金融
SH600206,半导体,半导体材料
SZ300928,汽车零部件,汽车电子电气系统
SH600966,造纸,造纸
SZ300013,物流,物流
SZ002195,IT服务,IT服务
SZ000586,通信设备,通信线缆及配套
SH601599,纺织制造,其他纺织
SZ002421,IT服务,IT服务
SZ301076,化学制品,其他化学制品
SH600279,港口航运,港口
SZ002121,电网设备,电气自控设备
SZ000576,军工装备,地面兵装
SZ002607,教育,教育
SZ002027,文化传媒,广告营销
SZ300004,专用设备,其他专用设备
SZ002712,文化传媒,广告营销
SZ002453,化学制品,其他化学制品
SH600678,建筑材料,水泥
SZ002955,光学光电子,面板
SH600796,环境治理,综合环境治理
SZ002838,塑料制品,改性塑料
SH688116,电池,电池化学品
SZ002795,通用设备,金属制品
SH603666,自动化设备,机器人
SH600626,汽车零部件,车身附件及饰件
SZ300666,半导体,半导体材料
SZ300207,电池,锂电池
SZ300760,医疗器械,医疗设备
SZ002363,汽车零部件,底盘与发动机系统
SH603211,汽车零部件,其他汽车零部件
SH600824,零售,百货零售
SZ000633,金属新材料,其他金属新材料
SH605168,文化传媒,广告营销
SH600714,化学原料,无机盐
SH601375,证券,证券
SH600233,物流,物流
SH605196,电网设备,线缆部件及其他
SZ002331,IT服务,IT服务
SH601866,港口航运,航运
SH605169,燃气,燃气
SH600559,白酒,白酒
SH600916,服装家纺,饰品
SH605337,饮料制造,软饮料
SH603065,化学制品,其他化学制品
SH603382,化学纤维,其他纤维
SH605255,汽车零部件,底盘与发动机系统
SZ002563,服装家纺,服装
SH600023,电力,火电
SZ002523,专用设备,能源及重型设备
SZ001269,光伏设备,光伏辅材
SZ001318,饮料制造,乳品
SZ300926,汽车零部件,其他汽车零部件
SZ002896,通用设备,金属制品
SH600094,房地产,住宅开发
SH600383,房地产,住宅开发
SH603955,建筑装饰,装饰园林
SZ002234,养殖业,肉鸡养殖
SZ001221,家居用品,其他家居用品
SH600198,通信设备,通信终端及配件
SZ301501,家居用品,其他家居用品
SZ001388,电网设备,电气自控设备
SZ301609,电网设备,电气自控设备
SZ002077,半导体,集成电路封测
SH600817,环保设备,环保设备
SZ300417,通用设备,仪器仪表
SZ002697,零售,百货零售
SZ002926,证券,证券
SH603236,通信设备,通信终端及配件
SZ301012,电网设备,输变电设备
SZ300055,石油加工贸易,石油加工
SH600784,化学原料,无机盐
SZ300074,软件开发,垂直应用软件
SZ000541,光学光电子,LED
SH600558,通用设备,金属制品
SH600720,建筑装饰,工程咨询服务
SZ300761,养殖业,肉鸡养殖
SZ002510,汽车零部件,其他汽车零部件
SZ301116,食品加工制造,肉制品
SZ002446,军工电子,军工电子
SZ002660,消费电子,消费电子零部件及组装
SH600827,零售,百货零售
SZ002599,包装印刷,印刷
SZ003022,光伏设备,光伏辅材
SH603028,通用设备,金属制品
SZ002251,零售,百货零售
SH601005,钢铁,普钢
SZ301058,建筑装饰,工程咨询服务
SZ002169,电网设备,电气自控设备
SZ002583,通信设备,通信网络设备及器件
SH603903,环境治理,水务及水治理
SZ002054,化学制品,纺织化学用品
SZ301298,汽车零部件,其他汽车零部件
SZ301213,军工电子,军工电子
SZ300641,化学制品,其他化学制品
SZ001311,汽车零部件,其他汽车零部件
SH605136,互联网电商,互联网电商
SH603066,物流,物流
SZ000529,食品加工制造,肉制品
SH601238,汽车整车,乘用车
SH601665,银行,城商行
SH601177,通用设备,金属制品
SZ002296,通信设备,通信网络设备及器件
SZ000906,物流,物流
SZ000731,农化制品,氮肥
SZ002927,电网设备,输变电设备
SZ002406,汽车零部件,底盘与发动机系统
SH603103,影视院线,影视院线
SZ300132,美容护理,化妆品
SH601868,建筑装饰,基础建设
SH600742,汽车零部件,车身附件及饰件
SZ002100,农产品加工,畜禽饲料
SH601890,军工装备,航海装备
SZ300663,软件开发,垂直应用软件
SZ301308,半导体,数字芯片设计
SH600549,小金属,钨
SH600150,军工装备,航海装备
SZ000061,零售,商业物业经营
SZ301083,通用设备,其他通用设备
SZ300180,塑料制品,其他塑料制品
SH600857,零售,百货零售
SH600050,通信服务,电信运营商
SH601877,电网设备,输变电设备
SZ000701,贸易,贸易
SH603095,专用设备,纺织服装设备
SH688603,电子化学品,电子化学品
SH688005,电池,电池化学品
SH600335,汽车服务及其他,汽车服务
SH601929,文化传媒,电视广播
SZ002839,银行,农商行
SH600234,建筑装饰,装饰园林
SH600197,白酒,白酒
SH600716,房地产,住宅开发
SH605098,教育,教育
SZ002098,纺织制造,辅料
SZ002091,贸易,贸易
SH601456,证券,证券
SZ002882,电网设备,线缆部件及其他
SZ300829,化学制品,食品及饲料添加剂
SZ000892,影视院线,影视院线
SZ002556,种植业与林业,农业综合
SZ002268,计算机设备,其他计算机设备
SH600874,环境治理,水务及水治理
SH600022,钢铁,普钢
SZ301158,专用设备,能源及重型设备
SZ002239,汽车零部件,汽车电子电气系统
SH600736,房地产,住宅开发
SH688120,半导体,半导体设备
SH600927,多元金融,多元金融
SZ300731,橡胶制品,其他橡胶制品
SZ002295,工业金属,铜
SZ000519,军工装备,地面兵装
SH600219,工业金属,铝
SZ300120,光学光电子,面板
SZ002427,化学纤维,涤纶
SH603279,通用设备,其他通用设备
SH600519,白酒,白酒
SZ300923,轨交设备,轨交设备
SH600567,造纸,造纸
SH600585,建筑材料,水泥
SZ000039,通用设备,金属制品
SH600663,房地产,商业地产
SH600658,房地产,产业地产
SH601608,专用设备,能源及重型设备
SZ002145,化学原料,钛白粉
SH603711,饮料制造,软饮料
SZ000333,白色家电,空调
SH603334,化学制品,其他化学制品
SZ000589,汽车零部件,轮胎轮毂
SH603043,食品加工制造,休闲食品
SZ002297,军工装备,航空装备
SH688190,金属新材料,其他金属新材料
SZ002319,化学制品,涂料油墨
SH600155,证券,证券
SH603238,纺织制造,其他纺织
SZ000001,银行,股份制银行
SZ300649,建筑装饰,装饰园林
SH600546,煤炭开采加工,煤炭开采
SZ300999,农产品加工,粮油加工
SH603500,轨交设备,轨交设备
SH600285,中药,中药
SZ301603,通用设备,机床工具
SH601616,电网设备,输变电设备
SZ301210,电池,锂电池
SZ002351,消费电子,品牌消费电子
SZ300154,通用设备,其他通用设备
SH603101,零售,百货零售
SZ300027,影视院线,影视院线
SH601878,证券,证券
SH600807,医疗器械,体外诊断
SH603228,元件,印制电路板
SH688420,专用设备,能源及重型设备
SZ002532,工业金属,铝
SZ000985,石油加工贸易,石油加工
SZ002561,零售,百货零售
SZ002074,电池,锂电池
SZ000761,钢铁,普钢
SZ300845,计算机设备,其他计算机设备
SZ300177,军工电子,军工电子
SH605208,工业金属,铝
SZ002758,农化制品,复合肥
SZ302132,军工装备,航空装备
SH600615,工业金属,铝
SH603000,文化传媒,数字媒体
SZ300879,专用设备,农用机械
SZ002956,食品加工制造,休闲食品
SZ000882,零售,商业物业经营
SH601880,港口航运,港口
SZ000850,纺织制造,棉纺
SH600881,综合,综合
SZ300612,文化传媒,广告营销
SH603281,化学制品,有机硅
SZ000831,小金属,稀土
SZ300106,饮料制造,乳品
SH603586,汽车零部件,底盘与发动机系统
SZ001336,环保设备,环保设备
SH688359,电子化学品,电子化学品
SZ000735,养殖业,生猪养殖
SH600064,房地产,住宅开发
SH600508,煤炭开采加工,煤炭开采
SH600654,其他社会服务,专业服务
SH600822,汽车服务及其他,汽车服务
SH600376,房地产,住宅开发
SZ301388,电网设备,输变电设备
SZ300886,美容护理,化妆品
SZ002142,银行,城商行
SZ301362,光学光电子,LED
SH600000,银行,股份制银行
SZ000612,工业金属,铝
SZ300569,风电设备,风电零部件
SZ301633,自动化设备,工控设备
SZ002570,饮料制造,乳品
SZ300153,其他电源设备,其他电源设备
SZ300414,通信设备,其他通信设备
SH600604,房地产,产业地产
SH600356,造纸,造纸
SH600191,农产品加工,其他农产品加工
SZ002423,多元金融,多元金融
SZ002378,小金属,钨
SZ000716,食品加工制造,休闲食品
SH600830,多元金融,多元金融
SH600011,电力,火电
SZ300240,物流,物流
SH600737,农产品加工,其他农产品加工
SH600076,包装印刷,包装
SH600757,文化传媒,出版
SZ300591,服装家纺,鞋帽及其他
SZ301216,塑料制品,其他塑料制品
SH600518,中药,中药
SZ300014,电池,锂电池
SZ000025,综合,综合
SH603113,化学原料,其他化学原料
SZ002640,互联网电商,互联网电商
SH601116,零售,百货零售
SH600980,专用设备,能源及重型设备
SZ300350,物流,物流
SZ002051,建筑装饰,专业工程
SZ300329,家居用品,文娱用品
SZ000090,房地产,住宅开发
SH600157,电力,火电
SH601136,证券,证券
SZ002136,化学原料,钛白粉
SH603551,厨卫电器,厨卫电器
SZ002593,建筑装饰,专业工程
SZ002213,半导体,数字芯片设计
SZ300340,电池,锂电专用设备
SH603278,通用设备,金属制品
SZ002777,IT服务,IT服务
SH603305,汽车零部件,底盘与发动机系统
SH600639,房地产,产业地产
SH600323,环境治理,固废治理
SZ301050,军工电子,军工电子
SH600794,物流,物流
SH600372,军工装备,航空装备
SZ300938,其他社会服务,专业服务
SH603655,汽车零部件,其他汽车零部件
SH603116,服装家纺,鞋帽及其他
SH600548,公路铁路运输,高速公路
SZ002856,建筑装饰,装饰园林
SZ002461,饮料制造,啤酒
SZ003003,包装印刷,包装
SZ003030,农产品加工,其他农产品加工
SZ001201,养殖业,生猪养殖
SH601933,零售,百货零售
SZ300664,环境治理,水务及水治理
SZ300958,环境治理,综合环境治理
SH605122,建筑材料,水泥
SZ000651,白色家电,空调
SZ002354,文化传媒,广告营销
SZ001387,白色家电,冰洗
SZ003017,化学原料,无机盐
SZ002691,专用设备,能源及重型设备
SZ000920,塑料制品,膜材料
SZ002913,元件,印制电路板
SZ002312,农化制品,磷肥及磷化工
SZ301516,其他电源设备,其他电源设备
SH688348,光伏设备,逆变器
SZ300135,石油加工贸易,石油加工
SZ002110,钢铁,普钢
SH688087,塑料制品,其他塑料制品
SZ000680,工程机械,工程机械
SZ001299,燃气,燃气
SZ002852,农产品加工,粮油加工
SH601686,钢铁,普钢
SZ300426,影视院线,影视院线
SZ002228,包装印刷,包装
SH603893,半导体,数字芯片设计
SZ300045,军工电子,军工电子
SH600612,服装家纺,饰品
SH600929,化学原料,无机盐
SH600638,房地产,住宅开发
SH603516,计算机设备,其他计算机设备
SZ000428,旅游及酒店,酒店
SZ300823,专用设备,其他专用设备
SZ002567,农产品加工,畜禽饲料
SH600556,文化传媒,广告营销
SZ000537,电力,新能源发电
SZ300982,建筑装饰,基础建设
SH603686,环境治理,固废治理
SZ300808,光学光电子,LED
SH600765,军工装备,航空装备
SZ300628,通信设备,通信终端及配件
SZ301377,通用设备,金属制品
SH603506,房地产,房地产服务
SH688485,环境治理,综合环境治理
SH600231,钢铁,普钢
SZ000900,公路铁路运输,高速公路
SH600970,建筑装饰,专业工程
SH688169,小家电,小家电
SH605016,化学制品,食品及饲料添加剂
SH600648,房地产,产业地产
SH603276,化学原料,其他化学原料
SH601166,银行,股份制银行
SH603779,饮料制造,其他酒类
SH600906,证券,证券
SZ002114,工业金属,铅锌
SH600271,IT服务,IT服务
SZ300405,化学制品,其他化学制品
SZ300270,计算机设备,安防设备
SH605179,饮料制造,乳品
SH601566,服装家纺,服装
SZ000688,小金属,钼
SZ301030,环保设备,环保设备
SZ000159,光伏设备,光伏辅材
SZ301081,环保设备,环保设备
SZ002933,军工装备,航空装备
SZ300021,种植业与林业,农业综合
SH600689,综合,综合
SH605009,美容护理,个护用品
SZ002043,建筑材料,其他建材
SZ002813,汽车零部件,汽车电子电气系统
SZ002367,专用设备,楼宇设备
SZ002315,互联网电商,互联网电商
SH601010,零售,百货零售
SH603385,家居用品,其他家居用品
SZ000930,农产品加工,其他农产品加工
SZ002120,物流,物流
SH603001,服装家纺,鞋帽及其他
SH601798,专用设备,能源及重型设备
SH605138,服装家纺,服装
SZ003005,IT服务,IT服务
SH601825,银行,农商行
SZ301209,化学制品,涂料油墨
SH603202,汽车零部件,汽车电子电气系统
SH603636,IT服务,IT服务
SZ300866,消费电子,品牌消费电子
SH688592,通信设备,通信终端及配件
SH603183,其他社会服务,专业服务
SZ003027,环境治理,大气治理
SZ001301,电池,电池化学品
SZ300785,文化传媒,数字媒体
SH603391,专用设备,能源及重型设备
SZ301198,包装印刷,包装
SH603767,汽车零部件,底盘与发动机系统
SH600027,电力,火电
SZ300523,IT服务,IT服务
SZ000898,钢铁,普钢
SZ002155,贵金属,贵金属
SZ001217,化学原料,其他化学原料
SH601577,银行,城商行
SZ300053,半导体,数字芯片设计
SZ000401,建筑材料,水泥
SH600795,电力,火电
SH605088,汽车零部件,底盘与发动机系统
SZ002244,房地产,住宅开发
SH603188,化学制品,纺织化学用品
SZ000785,零售,商业物业经营
SH600397,专用设备,能源及重型设备
SZ000565,化学制品,涂料油墨
SZ300699,军工装备,航空装备
SH600480,汽车零部件,其他汽车零部件
SZ300696,军工装备,航空装备
SH601678,化学原料,氯碱
SZ300943,通用设备,金属制品
SZ000877,建筑材料,水泥
SZ300501,包装印刷,包装
SH603866,食品加工制造,休闲食品
SH601816,公路铁路运输,铁路运输
SH601800,建筑装饰,基础建设
SZ301168,光伏设备,光伏电池组件
SZ301600,计算机设备,其他计算机设备
SH605005,汽车零部件,汽车电子电气系统
SZ000402,房地产,住宅开发
SZ002738,小金属,其他小金属
SH605166,化学纤维,其他纤维
SH603333,电网设备,线缆部件及其他
SZ000860,白酒,白酒
SH603400,通用设备,其他通用设备
SH600439,服装家纺,饰品
SH600602,软件开发,垂直应用软件
SZ002985,军工装备,航空装备
SH603856,建筑材料,管材
SZ002941,建筑装饰,基础建设
SH600998,医药商业,医药流通
SH600630,服装家纺,服装
SH600117,钢铁,特钢
SZ003013,建筑装饰,工程咨询服务
SZ002495,食品加工制造,调味发酵品
SH600390,多元金融,多元金融
SH603395,农化制品,复合肥
SH600232,纺织制造,其他纺织
SZ002521,造纸,造纸
SZ000876,农产品加工,畜禽饲料
SZ300745,汽车零部件,汽车电子电气系统
SH600199,白酒,白酒
SH600405,其他电源设备,其他电源设备
SH600282,钢铁,普钢
SZ002622,医疗服务,医院
SZ002264,文化传媒,广告营销
SH605599,服装家纺,饰品
SH600081,汽车零部件,车身附件及饰件
SH603898,家居用品,定制家居
SZ002190,汽车零部件,其他汽车零部件
SZ000620,房地产,住宅开发
SH601728,通信服务,电信运营商
SH601865,光伏设备,光伏辅材
SH600935,化学原料,氯碱
SH600871,油气开采及服务,油服工程
SH600078,农化制品,磷肥及磷化工
SZ002574,服装家纺,饰品
SH600516,钢铁,冶钢原料
SZ000501,零售,百货零售
SZ301275,其他电子,其他电子
SH600685,军工装备,航海装备
SH601898,煤炭开采加工,煤炭开采
SZ002959,小家电,小家电
SH603107,汽车零部件,底盘与发动机系统
SZ003038,工业金属,铝
SZ002721,服装家纺,饰品
SH603290,半导体,分立器件
SH688081,军工电子,军工电子
SZ000715,零售,百货零售
SZ000498,建筑装饰,基础建设
SZ002486,服装家纺,服装
SH600435,军工装备,地面兵装
SZ301273,通用设备,其他通用设备
SZ301003,塑料制品,改性塑料
SH603309,医疗器械,医疗耗材
SH601618,建筑装饰,专业工程
SZ002164,通用设备,金属制品
SH600096,农化制品,磷肥及磷化工
SZ300332,燃气,燃气
SZ002958,银行,农商行
SH688719,其他电源设备,其他电源设备
SZ003019,光学光电子,面板
SZ300010,教育,教育
SZ002233,建筑材料,水泥
SH603568,环境治理,固废治理
SZ002274,化学原料,煤化工
SH603578,白色家电,家电零部件
SZ002360,化学制品,民爆用品
SH600006,汽车整车,商用载货车
SZ002383,军工电子,军工电子
SZ002989,建筑装饰,装饰园林
SH600861,其他社会服务,专业服务
SZ301112,自动化设备,机器人
SH603917,汽车零部件,其他汽车零部件
SZ000990,化学原料,煤化工
SH600293,建筑材料,玻璃玻纤
SZ000816,通用设备,其他通用设备
SZ002368,IT服务,IT服务
SZ000625,汽车整车,乘用车
SZ000598,环境治理,水务及水治理
SZ002587,光学光电子,LED
SH688378,电子化学品,电子化学品
SZ300905,化学纤维,其他纤维
SH600768,电网设备,输变电设备
SH600995,电力,电能综合服务
SZ002085,汽车零部件,轮胎轮毂
SH603808,服装家纺,服装
SZ002870,汽车零部件,汽车电子电气系统
SH600325,房地产,住宅开发
SH600128,贸易,贸易
SZ300034,军工装备,航空装备
SH601990,证券,证券
SH603508,计算机设备,安防设备
SH688718,塑料制品,膜材料
SH688387,通信设备,通信网络设备及器件
SZ300085,软件开发,垂直应用软件
SZ002613,建筑材料,玻璃玻纤
SZ002573,环境治理,水务及水治理
SZ002596,建筑材料,水泥
SH600217,环境治理,固废治理
SH600750,中药,中药
SZ002397,服装家纺,家纺
SZ000750,证券,证券
SH601236,证券,证券
SH600734,IT服务,IT服务
SH600251,农产品加工,果蔬加工
SZ002189,军工电子,军工电子
SZ002474,IT服务,IT服务
SH603363,农产品加工,畜禽饲料
SH600020,公路铁路运输,高速公路
SZ301522,金属新材料,其他金属新材料
SZ002267,燃气,燃气
SH688667,汽车零部件,汽车电子电气系统
SZ002375,建筑装饰,装饰园林
SZ002921,汽车零部件,其他汽车零部件
SZ002061,建筑装饰,基础建设
SZ301429,建筑材料,其他建材
SZ002385,农产品加工,畜禽饲料
SH600327,零售,百货零售
SH600052,电力,热力
SZ300138,农产品加工,其他农产品加工
SZ002172,医疗服务,医院
SH603939,医药商业,药店
SZ300962,其他社会服务,专业服务
SZ002608,电力,火电
SZ001209,服装家纺,服装
SH603272,家居用品,其他家居用品
SH600361,工业金属,铝
SZ000607,文化传媒,广告营销
SZ301611,半导体,半导体材料
SH600038,军工装备,航空装备
SH600416,电机,电机
SZ001278,汽车零部件,车身附件及饰件
SZ000635,化学原料,氯碱
SZ002972,轨交设备,轨交设备
SZ300458,半导体,数字芯片设计
SH601106,专用设备,能源及重型设备
SH600740,煤炭开采加工,焦炭加工
SZ301339,计算机设备,其他计算机设备
SH603160,半导体,模拟芯片设计
SH688099,半导体,数字芯片设计
SH600642,电力,火电
SZ300927,化学原料,其他化学原料
SZ000637,石油加工贸易,石油加工
SZ002598,通用设备,其他通用设备
SZ000600,电力,火电
SH600283,环境治理,水务及水治理
SZ000558,旅游及酒店,自然景点
SH603366,厨卫电器,厨卫电器
SZ002166,化学制品,食品及饲料添加剂
SZ002330,食品加工制造,肉制品
SH600623,化学原料,煤化工
SZ300425,环境治理,水务及水治理
SH600986,文化传媒,广告营销
SZ001225,专用设备,能源及重型设备
SZ000768,军工装备,航空装备
SZ000998,种植业与林业,种子生产
SZ300005,服装家纺,服装
SH688297,军工装备,航空装备
SH601668,建筑装饰,房屋建设
SH600776,通信设备,其他通信设备
SH600838,零售,百货零售
SZ300251,影视院线,影视院线
SH600168,环境治理,水务及水治理
SZ003000,食品加工制造,休闲食品
SH603656,专用设备,其他专用设备
SH603195,家居用品,其他家居用品
SZ002976,汽车零部件,其他汽车零部件
SZ001376,电力,热力
SZ000789,建筑材料,水泥
SZ300589,军工装备,航海装备
SH600975,养殖业,生猪养殖
SZ002494,服装家纺,服装
SH601390,建筑装饰,基础建设
SZ300587,橡胶制品,其他橡胶制品
SH600917,燃气,燃气
SZ002743,建筑装饰,专业工程
SH601216,化学原料,氯碱
SH600058,贸易,贸易
SH600635,燃气,燃气
SZ002333,建筑材料,其他建材
SH603733,造纸,造纸
SZ301218,IT服务,IT服务
SZ300590,通信设备,通信终端及配件
SH600028,石油加工贸易,石油加工
SZ000419,零售,百货零售
SZ002867,服装家纺,饰品
SH600399,钢铁,特钢
SH600229,文化传媒,出版
SH600697,零售,百货零售
SZ002115,通信服务,通信工程及服务
SZ003043,半导体,半导体设备
SZ000958,电力,新能源发电
SZ002513,农化制品,农药
SZ002869,计算机设备,其他计算机设备
SH600620,综合,综合
SH601766,轨交设备,轨交设备
SH600272,医药商业,医药流通
SH600903,燃气,燃气
SH600072,风电设备,风电整机
SH603616,建筑材料,水泥
SZ300407,电网设备,电气自控设备
SZ300157,通用设备,其他通用设备
SZ300307,专用设备,纺织服装设备
SZ002291,文化传媒,广告营销
SZ300365,软件开发,垂直应用软件
SH603139,中药,中药
SZ301280,白色家电,家电零部件
SH600215,自动化设备,机器人
SZ000601,电力,水电
SH601328,银行,国有大型银行
SH601077,银行,农商行
SH600478,电池,锂电池
SZ000065,建筑装饰,专业工程
SZ002673,证券,证券
SZ300334,塑料制品,膜材料
SH603038,建筑材料,其他建材
SH600744,电力,火电
SZ002352,物流,物流
SH600305,食品加工制造,调味发酵品
SH603823,化学制品,涂料油墨
SH600579,专用设备,其他专用设备
SZ002966,银行,城商行
SH600926,银行,城商行
SH601838,银行,城商行
SZ000009,电池,电池化学品
SZ002543,厨卫电器,厨卫电器
SZ003042,农化制品,农药
SH603130,纺织制造,其他纺织
SZ002003,纺织制造,辅料
SZ000828,公路铁路运输,高速公路
SZ300483,油气开采及服务,油气开采
SZ300446,汽车零部件,车身附件及饰件
SH603312,电网设备,输变电设备
SZ002215,种植业与林业,其他种植业
SH688303,光伏设备,硅料硅片
SH688708,军工装备,航空装备
SZ002403,小家电,小家电
SZ000685,环境治理,水务及水治理
SZ001316,石油加工贸易,油品石化贸易
SZ002716,贵金属,贵金属
SZ002544,通信服务,通信工程及服务
SZ300581,军工装备,航空装备
SZ301287,家居用品,文娱用品
SZ300769,电池,电池化学品
SH600967,军工装备,地面兵装
SH601677,工业金属,铝
SH600941,通信服务,电信运营商
SZ002832,服装家纺,服装
SH688663,电网设备,电气自控设备
SH601633,汽车整车,乘用车
SZ300702,化学制药,原料药
SZ300689,通信设备,通信终端及配件
SZ300712,建筑装饰,基础建设
SH688107,半导体,数字芯片设计
SZ002128,煤炭开采加工,煤炭开采
SZ301310,汽车零部件,汽车电子电气系统
SH688543,军工装备,地面兵装
SZ301584,医药商业,医药流通
SZ300854,环境治理,固废治理
SZ300305,塑料制品,膜材料
SZ300139,贵金属,贵金属
SZ300123,军工电子,军工电子
SZ300008,军工装备,航海装备
SZ003016,服装家纺,服装
SZ002807,银行,农商行
SZ002753,橡胶制品,炭黑
SZ002726,食品加工制造,肉制品
SZ002694,建筑材料,管材
SZ002641,建筑材料,管材
SZ002507,食品加工制造,调味发酵品
SZ002482,建筑装饰,装饰园林
SZ002321,养殖业,其他养殖
SZ002313,通信设备,通信终端及配件
SZ002247,建筑材料,其他建材
SZ002232,IT服务,IT服务
SZ002187,零售,百货零售
SZ002157,养殖业,生猪养殖
SZ002146,房地产,住宅开发
SZ002133,房地产,住宅开发
SZ002124,养殖业,生猪养殖
SZ002031,专用设备,其他专用设备
SZ001979,房地产,商业地产
SZ000926,房地产,住宅开发
SZ000868,汽车整车,商用载客车
SZ000812,包装印刷,包装
SZ000718,房地产,住宅开发
SZ000717,钢铁,普钢
SZ000652,综合,综合
SZ000599,汽车零部件,轮胎轮毂
SZ000548,公路铁路运输,高速公路
SZ000514,房地产,住宅开发
SZ000421,燃气,燃气
SZ000088,港口航运,港口
SZ000042,房地产,住宅开发
SZ000036,房地产,住宅开发
SZ000017,服装家纺,饰品
SZ000008,轨交设备,轨交设备
SH688571,化学制品,涂料油墨
SH605500,造纸,造纸
SH605268,家居用品,定制家居
SH603839,服装家纺,服装
SH603729,文化传媒,广告营销
SH603682,零售,商业物业经营
SH603373,其他社会服务,专业服务
SH603323,银行,农商行
SH603117,物流,物流
SH603109,汽车零部件,其他汽车零部件
SH603077,农化制品,磷肥及磷化工
SH603030,建筑装饰,装饰园林
SH601998,银行,股份制银行
SH601997,银行,城商行
SH601991,电力,火电
SH601988,银行,国有大型银行
SH601949,文化传媒,出版
SH601528,银行,农商行
SH601228,港口航运,港口
SH601199,环境治理,水务及水治理
SH601186,建筑装饰,基础建设
SH601101,煤炭开采加工,煤炭开采
SH600981,贸易,贸易
SH600925,煤炭开采加工,煤炭开采
SH600864,证券,证券
SH600825,文化传媒,出版
SH600805,综合,综合
SH600778,零售,百货零售
SH600748,房地产,住宅开发
SH600717,港口航运,港口
SH600675,房地产,住宅开发
SH600653,汽车服务及其他,汽车服务
SH600622,房地产,住宅开发
SH600606,房地产,住宅开发
SH600592,通用设备,金属制品
SH600511,医药商业,医药流通
SH600461,环境治理,水务及水治理
SH600368,公路铁路运输,高速公路
SH600340,房地产,产业地产
SH600318,多元金融,多元金融
SH600287,贸易,贸易
SH600280,零售,百货零售
SH600255,金属新材料,其他金属新材料
SH600248,建筑装饰,房屋建设
SH600189,饮料制造,软饮料
SH600180,物流,物流
SH600177,服装家纺,服装
SH600172,通用设备,磨具磨料
SH600162,房地产,住宅开发
SH600088,影视院线,影视院线
SH600082,房地产,产业地产
SH600073,食品加工制造,肉制品
SH600067,电网设备,线缆部件及其他
SH600057,物流,物流
SH600051,综合,综合
SH600008,环境治理,综合环境治理
SZ300946,通用设备,金属制品
SZ301040,风电设备,风电零部件
SZ002430,化学制品,其他化学制品
SZ301587,电池,锂电池
SZ300863,汽车零部件,汽车电子电气系统
SZ002853,家居用品,定制家居
SH688070,军工装备,航空装备
SH603131,通用设备,其他通用设备
SZ002466,能源金属,锂
SZ300416,其他社会服务,专业服务
SZ002805,电池,电池化学品
SH600855,军工电子,军工电子
SH601001,煤炭开采加工,煤炭开采
SH601033,环境治理,固废治理
SZ300722,军工装备,航天装备
SH600887,饮料制造,乳品
SZ002749,农化制品,农药
SH600992,通用设备,金属制品
SH600099,汽车服务及其他,其他运输设备
SH603527,工业金属,铜
SZ300532,IT服务,IT服务
SH605567,食品加工制造,肉制品
SZ002820,食品加工制造,休闲食品
SH688333,通用设备,其他通用设备
SH605090,燃气,燃气
SZ300825,汽车服务及其他,汽车服务
SZ300264,IT服务,IT服务
SZ002661,食品加工制造,预加工食品
SZ000962,小金属,其他小金属
SH600818,汽车服务及其他,其他运输设备
SH600192,电网设备,输变电设备
SZ000011,房地产,房地产服务
SZ300056,环保设备,环保设备
SZ002609,IT服务,IT服务
SZ002246,化学制品,民爆用品
SH688772,电池,锂电池
SZ002597,化学制品,食品及饲料添加剂
SZ300083,通用设备,机床工具
SH600493,纺织制造,棉纺
SH688682,军工电子,军工电子
SZ300374,建筑材料,其他建材
SZ002999,农化制品,复合肥
SH600605,零售,商业物业经营
SH688018,半导体,数字芯片设计
SZ000702,农产品加工,畜禽饲料
SH601288,银行,国有大型银行
SH603967,物流,物流
SZ002629,建筑装饰,基础建设
SH600398,服装家纺,服装
SZ000786,建筑材料,其他建材
SZ000713,种植业与林业,种子生产
SH688215,自动化设备,其他自动化设备
SH600760,军工装备,航空装备
SH603938,化学原料,其他化学原料
SZ300468,软件开发,垂直应用软件
SH600202,通用设备,制冷空调设备
SZ000619,建筑材料,其他建材
SZ000571,煤炭开采加工,煤炭开采
SH603565,港口航运,航运
SZ002419,零售,百货零售
SZ000570,通用设备,其他通用设备
SH600395,煤炭开采加工,煤炭开采
SZ000759,零售,百货零售
SH603105,电力,新能源发电
SZ000782,化学纤维,其他纤维
SZ002389,军工装备,航空装备
SZ000810,黑色家电,其他黑色家电
SH688819,电池,其他电池
SH601700,电网设备,线缆部件及其他
SH603922,汽车零部件,其他汽车零部件
SZ000755,公路铁路运输,高速公路
SH688385,半导体,数字芯片设计
SH600266,房地产,住宅开发
SH603867,化学制品,其他化学制品
SZ300071,文化传媒,广告营销
SZ300080,光伏设备,光伏辅材
SH601229,银行,城商行
SZ300568,电池,电池化学品
SH688291,软件开发,垂直应用软件
SH688309,环保设备,环保设备
SZ000561,军工装备,航空装备
SZ000757,汽车服务及其他,汽车服务
SZ000407,燃气,燃气
SZ002768,塑料制品,改性塑料
SH603055,纺织制造,其他纺织
SH688143,通信设备,通信线缆及配套
SZ300389,光学光电子,LED
SZ002150,光伏设备,逆变器
SH601158,环境治理,水务及水治理
SH600153,物流,物流
SZ003001,建筑装饰,专业工程
SH600955,化学原料,其他化学原料
SZ000981,汽车零部件,底盘与发动机系统
SZ002347,通用设备,金属制品
SH603689,燃气,燃气
SZ300427,电网设备,电气自控设备
SH600386,汽车服务及其他,汽车服务
SH600897,机场航运,机场
SZ002850,电池,锂电池
SH600853,建筑装饰,基础建设
SH688539,通用设备,仪器仪表
SH605155,家居用品,其他家居用品
SH603230,文化传媒,出版
SZ002084,家居用品,其他家居用品
SH603698,专用设备,能源及重型设备
SH600597,饮料制造,乳品
SH600319,化学原料,氯碱
SH600016,银行,股份制银行
SZ002372,建筑材料,管材
SH688187,轨交设备,轨交设备
SH688548,电子化学品,电子化学品
SZ300762,军工电子,军工电子
SH603218,风电设备,风电零部件
SH601088,煤炭开采加工,煤炭开采
SH601128,银行,农商行
SZ002591,化学制品,其他化学制品
SZ002282,通用设备,磨具磨料
SZ002041,种植业与林业,种子生产
SZ000829,零售,专业连锁
SH601011,煤炭开采加工,焦炭加工
SH605296,养殖业,生猪养殖
SH603137,建筑装饰,装饰园林
SZ300920,塑料制品,其他塑料制品
SZ002917,化学制品,民爆用品
SZ301180,消费电子,消费电子零部件及组装
SZ002377,石油加工贸易,石油加工
SZ002374,包装印刷,包装
SH601818,银行,股份制银行
SH600101,电力,电能综合服务
SH688375,军工电子,军工电子
SZ000593,燃气,燃气
SZ301043,通用设备,制冷空调设备
SH600939,建筑装饰,房屋建设
SH600017,港口航运,港口
SH601718,服装家纺,服装
SZ001258,电力,新能源发电
SH688367,轨交设备,轨交设备
SH600679,汽车服务及其他,其他运输设备
SZ002470,农化制品,复合肥
SH601916,银行,股份制银行
SH601518,公路铁路运输,高速公路
SH600331,农化制品,磷肥及磷化工
SH603956,专用设备,其他专用设备
SZ002799,包装印刷,包装
SZ000543,电力,火电
SH603176,建筑装饰,基础建设
SH601169,银行,城商行
SH603790,化学制品,纺织化学用品
SZ002553,汽车零部件,底盘与发动机系统
SZ002732,饮料制造,乳品
SH603809,汽车零部件,底盘与发动机系统
SZ000848,饮料制造,软饮料
SZ002259,燃气,燃气
SZ000429,公路铁路运输,高速公路
SH688119,建筑材料,耐火材料
SH603618,电网设备,线缆部件及其他
SZ000978,旅游及酒店,自然景点
SH601658,银行,国有大型银行
SZ002059,旅游及酒店,人工景点
SZ301517,军工电子,军工电子
SZ002314,房地产,住宅开发
SZ001965,公路铁路运输,高速公路
SH688072,半导体,半导体设备
SH600338,工业金属,铅锌
SH601828,零售,商业物业经营
SH600738,零售,商业物业经营
SZ000883,电力,电能综合服务
SH600098,电力,火电
SZ000557,公路铁路运输,铁路运输
SH603880,医疗器械,医疗耗材
SZ001211,家居用品,其他家居用品
SH601009,银行,城商行
SZ002811,建筑装饰,工程咨询服务
SZ001227,银行,城商行
SZ002719,食品加工制造,休闲食品
SH600561,公路铁路运输,公交
SH603489,电机,电机
SZ001337,贵金属,贵金属
SZ002105,汽车服务及其他,其他运输设备
SZ002866,消费电子,消费电子零部件及组装
SH605389,工程机械,工程机械
SZ000875,电力,电能综合服务
SH605507,化学制药,原料药
SH600239,零售,商业物业经营
SH688562,软件开发,垂直应用软件
SH601016,电力,新能源发电
SH600350,公路铁路运输,高速公路
SH603678,军工电子,军工电子
SZ000897,房地产,住宅开发
SH603022,包装印刷,包装
SZ300432,汽车零部件,底盘与发动机系统
SZ300062,电网设备,输变电设备
SH601869,通信设备,通信线缆及配套
SZ301528,通用设备,仪器仪表
SH601212,工业金属,铜
SH600729,零售,百货零售
SZ300190,环境治理,综合环境治理
SH600025,电力,水电
SH603215,小家电,小家电
SZ002662,汽车零部件,车身附件及饰件
SZ002060,建筑装饰,基础建设
SH600831,文化传媒,电视广播
SZ300390,电池,电池化学品
SH605298,轨交设备,轨交设备
SZ000937,煤炭开采加工,煤炭开采
SZ301680,汽车零部件,其他汽车零部件
SZ002316,通信服务,通信工程及服务
SH601918,煤炭开采加工,煤炭开采
SZ002069,养殖业,水产养殖
SZ002163,建筑装饰,装饰园林
SZ002936,银行,城商行
SH688611,电网设备,电气自控设备
SZ002454,汽车零部件,汽车电子电气系统
SZ002709,电池,电池化学品
SH600537,光伏设备,光伏电池组件
SZ300172,环境治理,水务及水治理
SZ301299,文化传媒,数字媒体
SH601326,港口航运,港口
SH600928,银行,城商行
SZ000738,军工装备,航空装备
SH601992,建筑材料,水泥
SH600281,小金属,其他小金属
SH601006,公路铁路运输,铁路运输
SH601588,其他社会服务,专业服务
SZ001283,电池,锂电池
SZ300217,光伏设备,光伏加工设备
SZ301658,光伏设备,逆变器
SH600152,电池,锂电池
SZ000605,环境治理,水务及水治理
SZ300772,风电设备,风电整机
SH600854,房地产,住宅开发
SZ002700,燃气,燃气
SH600900,电力,水电
SH601330,环境治理,固废治理
SZ000417,零售,百货零售
SH600538,医疗器械,体外诊断
SH603299,化学原料,无机盐
SZ001256,专用设备,印刷包装机械
SZ002001,化学制药,原料药
SZ000690,电力,火电
SH688036,消费电子,品牌消费电子
SH600755,物流,物流
SZ002651,军工装备,航空装备
SH600930,电力,新能源发电
SH600269,公路铁路运输,高速公路
SZ300875,军工装备,地面兵装
SZ003009,军工装备,航天装备
SH600298,食品加工制造,调味发酵品
SZ300234,建筑材料,其他建材
SH603359,环境治理,综合环境治理
SZ301279,工程机械,工程机械
SZ002285,房地产,房地产服务
SH688568,IT服务,IT服务
SH600996,文化传媒,电视广播
SZ300864,环境治理,综合环境治理
SZ000539,电力,火电
SH600858,零售,百货零售
SZ300063,文化传媒,广告营销
SZ300929,环境治理,水务及水治理
SZ000899,电力,火电
SH600908,银行,农商行
SZ300775,军工装备,航空装备
SZ002039,电力,水电
SH600956,电力,新能源发电
SH600470,农化制品,磷肥及磷化工
SH601615,风电设备,风电整机
SZ002151,军工电子,军工电子
SH603033,橡胶制品,其他橡胶制品
SZ002883,建筑装饰,工程咨询服务
SZ002127,互联网电商,互联网电商
SZ002775,建筑装饰,装饰园林
SZ000027,电力,火电
SH688109,软件开发,垂直应用软件
SZ002329,饮料制造,乳品
SH601018,港口航运,港口
SZ002210,环境治理,固废治理
SZ300057,工业金属,铝
SZ002035,厨卫电器,厨卫电器
SZ000983,煤炭开采加工,煤炭开采
SZ002878,文化传媒,广告营销
SH603277,通用设备,制冷空调设备
SZ002935,军工电子,军工电子
SH600313,种植业与林业,种子生产
SZ002132,通用设备,金属制品
SZ002497,化学制品,民爆用品
SH600337,家居用品,成品家居
SH600863,电力,火电
SH600527,化学纤维,其他纤维
SH601398,银行,国有大型银行
SZ002780,服装家纺,服装
SZ300629,军工电子,军工电子
SZ002171,工业金属,铜
SZ300165,通用设备,仪器仪表
SZ002480,电力,新能源发电
SZ002465,军工电子,军工电子
SZ002961,多元金融,多元金融
SZ002786,专用设备,其他专用设备
SH600382,钢铁,冶钢原料
SH600868,电力,水电
SZ002687,服装家纺,服装
SH600706,旅游及酒店,人工景点
SH688248,电力,电能综合服务
SZ002535,专用设备,能源及重型设备
SH601225,煤炭开采加工,煤炭开采
SH688418,通信设备,其他通信设备
SZ002911,燃气,燃气
SH603026,电池,电池化学品
SZ002205,建筑材料,水泥
SH600379,电网设备,输变电设备
SZ002490,专用设备,能源及重型设备
SZ000890,环保设备,环保设备
SZ002514,通用设备,金属制品
SZ002250,农化制品,农药
SZ300065,军工装备,航海装备
SZ300201,工程机械,工程机械
SZ002217,光学光电子,面板
SH688411,其他电源设备,其他电源设备
SH603356,专用设备,楼宇设备
SZ000422,农化制品,磷肥及磷化工
SH600769,环境治理,水务及水治理
SH600403,煤炭开采加工,煤炭开采
SZ002652,建筑材料,其他建材
SH600562,军工电子,军工电子
SZ300212,IT服务,IT服务
SZ301183,光学光电子,光学元件
SZ001203,钢铁,冶钢原料
SH603128,物流,物流
SH601188,公路铁路运输,高速公路
SH600665,房地产,住宅开发
SH688710,医疗服务,医疗研发外包
SH600167,电力,热力
SH600968,油气开采及服务,油服工程
SZ000679,零售,百货零售
SZ000719,文化传媒,出版
SH600681,燃气,燃气
SH600691,农化制品,氮肥
SZ300516,其他电子,其他电子
SH688608,半导体,数字芯片设计
SH600137,服装家纺,服装
SH600919,银行,城商行
SZ300530,电池,锂电池
SH600828,零售,百货零售
SH688622,通用设备,仪器仪表
SH600674,电力,水电
SH603321,专用设备,楼宇设备
SZ000573,房地产,住宅开发
SH603585,农化制品,农药
SH601333,公路铁路运输,铁路运输
SH600644,电力,电能综合服务
SH601699,煤炭开采加工,煤炭开采
SH601969,钢铁,冶钢原料
SZ000554,石油加工贸易,油品石化贸易
SZ002342,通用设备,金属制品
SZ002176,电机,电机
SZ000901,汽车零部件,汽车电子电气系统
SH600018,港口航运,港口
SZ300851,轨交设备,轨交设备
SH601857,石油加工贸易,石油加工
SH688638,电池,锂电专用设备
SZ002910,饮料制造,乳品
SZ301072,汽车零部件,底盘与发动机系统
SZ002642,IT服务,IT服务
SZ002611,专用设备,印刷包装机械
SH600984,工程机械,工程机械
SZ000928,建筑装饰,专业工程
SZ002131,通用设备,其他通用设备
SZ002401,IT服务,IT服务
SZ000517,房地产,住宅开发
SH603599,农化制品,农药
SZ002508,厨卫电器,厨卫电器
SZ300518,互联网电商,互联网电商
SZ002825,塑料制品,其他塑料制品
SZ300720,通用设备,仪器仪表
SH605050,物流,物流
SH600506,石油加工贸易,石油加工
SZ003033,汽车服务及其他,其他运输设备
SZ000895,食品加工制造,肉制品
SH600886,电力,水电
SZ002224,橡胶制品,其他橡胶制品
SH603399,能源金属,锂
SH688685,军工装备,航空装备
SH600989,化学原料,煤化工
SH600433,造纸,造纸
SH600333,燃气,燃气
SH601860,银行,农商行
SH603876,工业金属,铝
SH600316,军工装备,航空装备
SZ301321,光学光电子,面板
SH601985,电力,新能源发电
SH600463,房地产,产业地产
SZ301357,军工装备,地面兵装
SH601698,军工装备,航天装备
SH601619,电力,新能源发电
SZ001229,计算机设备,其他计算机设备
SZ300498,养殖业,生猪养殖
SH603318,燃气,燃气
SZ300266,环境治理,综合环境治理
SZ000505,农产品加工,粮油加工
SZ001287,其他电子,其他电子
SZ300072,化学制品,其他化学制品
SZ300804,农化制品,农药
SH600803,燃气,燃气
SZ000068,环境治理,综合环境治理
SH600448,纺织制造,印染
SZ300455,计算机设备,其他计算机设备
SH603969,通用设备,金属制品
SH600113,零售,商业物业经营
SZ300279,白色家电,家电零部件
SZ001300,家居用品,文娱用品
SZ000911,农产品加工,其他农产品加工
SZ002108,塑料制品,其他塑料制品
SZ300368,计算机设备,其他计算机设备
SZ300054,电子化学品,电子化学品
SH601368,环境治理,水务及水治理
SH601963,银行,城商行
SH600367,化学原料,无机盐
SH688818,军工装备,航天装备
SH601606,军工装备,地面兵装
SZ000980,汽车整车,乘用车
SH603016,电网设备,输变电设备
SZ002207,油气开采及服务,油服工程
SH688275,电池,电池化学品
SZ002963,建筑装饰,装饰园林
SZ002671,建筑材料,水泥
SZ000582,港口航运,港口
SH600468,电网设备,输变电设备
SZ300447,军工电子,军工电子
SZ002663,建筑装饰,装饰园林
SH600345,通信设备,其他通信设备
SZ000862,电力,新能源发电
SH600487,通信设备,通信线缆及配套
SZ000912,农化制品,氮肥
SH600901,多元金融,多元金融
SZ002812,电池,电池化学品
SH600012,公路铁路运输,高速公路
SZ002097,工程机械,工程机械
SZ002460,能源金属,锂
SH603071,电力,热力
SH600359,种植业与林业,其他种植业
SZ000670,其他电子,其他电子
SH600123,煤炭开采加工,煤炭开采
SZ000729,饮料制造,啤酒
SH688251,通用设备,其他通用设备
SZ300102,光学光电子,LED
SZ002183,贸易,贸易
SH601279,汽车零部件,其他汽车零部件
SH600759,油气开采及服务,油气开采
SZ300246,医疗器械,医疗设备
SZ301153,软件开发,垂直应用软件
SZ000019,农产品加工,粮油加工
SZ300611,汽车零部件,车身附件及饰件
SZ300058,文化传媒,广告营销
SZ301179,电网设备,电气自控设备
SH600502,建筑装饰,基础建设
SH600683,房地产,住宅开发
SZ000531,电力,火电
SH603659,电池,电池化学品
SZ002895,农化制品,磷肥及磷化工
SZ000423,中药,中药
SH600501,专用设备,其他专用设备
SZ000523,饮料制造,软饮料
SH603983,美容护理,化妆品
SZ002692,电网设备,线缆部件及其他
SZ000966,电力,火电
SZ300565,通信设备,通信网络设备及器件
SH600307,钢铁,普钢
SH605123,军工装备,航空装备
SZ301200,自动化设备,其他自动化设备
SZ300998,汽车零部件,其他汽车零部件
SZ002386,化学原料,氯碱
SH600303,汽车整车,商用载客车
SZ000925,轨交设备,轨交设备
SH600354,种植业与林业,种子生产
SH600110,电池,锂电池
SH603477,养殖业,生猪养殖
SH600756,IT服务,IT服务
SZ002416,零售,专业连锁
SH603536,食品加工制造,预加工食品
SH600743,零售,商业物业经营
SH603977,化学制品,民爆用品
SZ300733,汽车零部件,底盘与发动机系统
SH600033,公路铁路运输,高速公路
SH601827,环境治理,固废治理
SH600512,建筑装饰,基础建设
SZ002278,专用设备,能源及重型设备
SH600533,房地产,住宅开发
SH688151,医疗器械,医疗耗材
SH600693,零售,百货零售
SZ300335,电力,热力
SZ000014,房地产,住宅开发
SZ000822,化学原料,纯碱
SZ002695,食品加工制造,休闲食品
SZ301005,汽车零部件,其他汽车零部件
SH601808,油气开采及服务,油服工程
SZ301162,软件开发,垂直应用软件
SZ001236,多元金融,多元金融
SZ002526,专用设备,能源及重型设备
SZ002240,能源金属,锂
SH603615,家居用品,其他家居用品
SZ002842,小金属,钨
SH605001,轨交设备,轨交设备
SZ002995,文化传媒,广告营销
SH600032,电力,新能源发电
SH688717,光伏设备,逆变器
SH600491,建筑装饰,房屋建设
SH600719,电力,热力
SZ002221,石油加工贸易,石油加工
SH600125,公路铁路运输,铁路运输
SH600965,养殖业,其他养殖
SH688096,环境治理,水务及水治理
SZ000677,化学纤维,粘胶
SH600377,公路铁路运输,高速公路
SH601609,工业金属,铜
SH600783,多元金融,多元金融
SH600188,煤炭开采加工,煤炭开采
SZ001696,通用设备,其他通用设备
SH601952,种植业与林业,粮食种植
SH600476,IT服务,IT服务
SH600135,塑料制品,膜材料
SZ002193,服装家纺,服装
SZ000830,化学原料,煤化工
SZ002188,房地产,房地产服务
SZ002667,能源金属,锂
SZ002208,房地产,住宅开发
SH600969,电力,电能综合服务
SZ300997,饮料制造,软饮料
SZ002068,橡胶制品,炭黑
SZ002565,包装印刷,包装
SZ002222,光学光电子,光学元件
SZ002756,能源金属,锂
SH603909,建筑装饰,工程咨询服务
SZ000965,房地产,住宅开发
SZ000973,塑料制品,膜材料
SH603316,半导体,数字芯片设计
SH603829,电网设备,输变电设备
SH600127,农产品加工,粮油加工
SZ301171,文化传媒,广告营销
SZ002300,电网设备,线缆部件及其他
SH600905,电力,新能源发电
SZ002855,消费电子,消费电子零部件及组装
SH601107,公路铁路运输,高速公路
SH688459,轨交设备,轨交设备
SH605305,工程机械,工程机械
SZ300265,电网设备,线缆部件及其他
SH603165,造纸,造纸
SH603332,化学纤维,涤纶
SZ003816,电力,新能源发电
SZ000695,电池,电池化学品
SZ002491,通信设备,通信线缆及配套
SH688270,半导体,模拟芯片设计
SZ000045,光学光电子,面板
SH603759,环境治理,水务及水治理
SZ301117,计算机设备,安防设备
SZ002092,化学原料,氯碱
SH600241,电池,锂电池
SZ001309,半导体,数字芯片设计
SZ002771,IT服务,IT服务
SH603111,轨交设备,轨交设备
SH603628,光伏设备,光伏辅材
SZ000010,建筑装饰,装饰园林
SZ002672,环境治理,固废治理
SH600540,种植业与林业,其他种植业
SH603529,汽车服务及其他,其他运输设备
SH601939,银行,国有大型银行
SZ300789,计算机设备,其他计算机设备
SZ000792,农化制品,钾肥
SZ000957,汽车整车,商用载客车
SZ000610,旅游及酒店,旅游综合
SH603052,消费电子,消费电子零部件及组装
SH600997,煤炭开采加工,煤炭开采
SZ002431,建筑装饰,装饰园林
SZ002761,建筑装饰,房屋建设
SH688523,军工装备,航天装备
SZ002265,军工装备,地面兵装
SZ000572,汽车整车,乘用车
SZ301588,塑料制品,其他塑料制品
SH603122,医药商业,医药流通
SZ000762,能源金属,锂
SH603138,软件开发,横向通用软件
SZ300850,风电设备,风电零部件
SZ000547,军工电子,军工电子
SZ002181,文化传媒,出版
SH688268,电子化学品,电子化学品
SH600847,电池,其他电池
SH600879,军工装备,航天装备
SH600173,电力,新能源发电
SZ002648,化学制品,其他化学制品
SH600505,电力,电能综合服务
SH600979,电力,电能综合服务
SH688295,化学纤维,其他纤维
SH600598,种植业与林业,粮食种植
SZ300749,家居用品,定制家居
SZ301327,电池,锂电池
SH601068,建筑装饰,专业工程
SH600118,军工装备,航天装备
SH600727,化学制品,其他化学制品
SH600820,建筑装饰,基础建设
SH603507,风电设备,风电零部件
SZ301399,通用设备,制冷空调设备
SZ000859,塑料制品,膜材料
SZ300189,种植业与林业,种子生产
SH603817,环境治理,水务及水治理
SH603042,通信设备,通信线缆及配套
SZ002109,化学原料,其他化学原料
SZ002682,物流,物流
SZ001324,轨交设备,轨交设备
SZ301292,电池,电池化学品
SH603378,建筑材料,其他建材
SZ002594,汽车整车,乘用车
SZ300885,通用设备,金属制品
SZ000791,电力,火电
SZ301227,家居用品,定制家居
SH688106,电子化学品,电子化学品
SH600227,农化制品,氮肥
SH605011,电力,热力
SH600834,公路铁路运输,公交
SH600159,房地产,住宅开发
SH605598,建筑装饰,专业工程
SH688063,电池,锂电池
SZ001213,公路铁路运输,铁路运输
SZ301079,工程机械,工程机械
SZ301682,军工电子,军工电子
SZ002053,电力,新能源发电
SZ002413,军工电子,军工电子
SZ002887,环境治理,综合环境治理
SH603393,油气开采及服务,油气开采
SH601996,种植业与林业,林业
SH603538,化学制药,原料药
SH603693,电力,新能源发电
SH688015,轨交设备,轨交设备
SZ002395,塑料制品,合成树脂
SH603680,轨交设备,轨交设备
SZ000155,电力,新能源发电
SH688102,金属新材料,其他金属新材料
SH603906,电池,电池化学品
SH600256,油气开采及服务,油气开采
SH600423,化学原料,其他化学原料
SZ000663,种植业与林业,林业
SZ002149,小金属,其他小金属
SH603189,软件开发,垂直应用软件
SZ002715,汽车零部件,底盘与发动机系统
SZ301323,金属新材料,磁性材料
SH688066,军工装备,航天装备
SZ000833,非金属材料,非金属材料
SZ001208,电网设备,线缆部件及其他
SZ001289,电力,新能源发电
SZ300136,消费电子,消费电子零部件及组装
SH603421,通信设备,通信网络设备及器件
SZ300191,油气开采及服务,油气开采
SZ000555,IT服务,IT服务
SZ002828,油气开采及服务,油服工程
SZ000617,多元金融,多元金融
SH603558,服装家纺,鞋帽及其他
SZ002703,汽车零部件,底盘与发动机系统
SH603660,计算机设备,其他计算机设备
SH600522,通信设备,通信线缆及配套
SH600408,煤炭开采加工,焦炭加工
SH688552,军工电子,军工电子
SZ000905,港口航运,港口
SZ002021,专用设备,纺织服装设备
SH600773,房地产,住宅开发
SZ301157,其他电源设备,其他电源设备
SH600250,旅游及酒店,旅游综合
SZ301109,环境治理,固废治理
SH600498,通信设备,通信网络设备及器件
SZ300411,专用设备,其他专用设备
SH600151,汽车零部件,底盘与发动机系统
SZ300337,工业金属,铝
SH688390,光伏设备,逆变器
SZ300730,软件开发,垂直应用软件
SZ300169,化学制品,其他化学制品
SZ002202,风电设备,风电整机
SH605117,光伏设备,逆变器
SH600617,燃气,燃气
SZ300164,油气开采及服务,油服工程
SH600938,油气开采及服务,油气开采
SH600343,通用设备,其他通用设备
SZ300011,轨交设备,轨交设备
SZ002016,房地产,住宅开发
SZ002679,种植业与林业,林业
SZ300877,纺织制造,其他纺织
SZ000546,环境治理,固废治理
SZ002678,家居用品,文娱用品
SH600722,化学原料,煤化工
SZ000968,油气开采及服务,油气开采
SH603619,油气开采及服务,油气开采
SH601908,电力,新能源发电
SZ001239,工程机械,工程机械
SZ300763,光伏设备,逆变器
SZ002969,包装印刷,包装
SZ300677,医疗器械,医疗耗材
SH688009,轨交设备,轨交设备
SZ300162,光学光电子,LED
SZ301136,建筑装饰,工程咨询服务
SH600246,房地产,住宅开发
SH600075,化学原料,氯碱
SH600780,电力,火电
SH601015,煤炭开采加工,焦炭加工
SZ002803,互联网电商,互联网电商
SH601388,工业金属,铝
SZ002792,通信设备,通信网络设备及器件
SZ000753,综合,综合
SZ000722,电力,水电
SZ002479,电力,热力
SH603601,建筑材料,玻璃玻纤
SZ300868,消费电子,消费电子零部件及组装
SZ301358,电池,电池化学品
SZ301255,通用设备,金属制品
SZ002702,食品加工制造,预加工食品
SH603285,化学制品,其他化学制品
SZ000797,房地产,住宅开发
SH603696,食品加工制造,调味发酵品
SZ002501,工业金属,铝
SZ300780,通用设备,金属制品
SZ300994,汽车服务及其他,其他运输设备
SZ300438,电池,锂电池
SH600758,煤炭开采加工,煤炭开采
SH603787,汽车服务及其他,其他运输设备
SH600802,建筑材料,水泥
SZ002455,化学制品,其他化学制品
SH600158,其他社会服务,体育
SZ002769,物流,物流
SH688425,工程机械,工程机械
SZ002263,塑料制品,膜材料
SH688285,轨交设备,轨交设备
SH600156,纺织制造,其他纺织
SZ002445,通用设备,金属制品
SH688569,轨交设备,轨交设备
SH603863,造纸,造纸
SZ301265,环境治理,固废治理
SZ000863,房地产,住宅开发
SZ002616,电力,新能源发电
SZ300961,环境治理,水务及水治理
SH600322,房地产,住宅开发
SZ000913,汽车服务及其他,其他运输设备
SZ002471,电网设备,线缆部件及其他
SH600121,煤炭开采加工,煤炭开采
SZ002498,电网设备,线缆部件及其他
SZ002160,工业金属,铝
SZ000927,物流,物流
SZ000632,综合,综合
SH600815,工程机械,工程机械
SH688156,农产品加工,畜禽饲料
SZ301016,轨交设备,轨交设备
SZ301048,轨交设备,轨交设备
SH688069,环境治理,水务及水治理
SZ300906,轨交设备,轨交设备
SZ003036,专用设备,纺织服装设备
SH688175,军工电子,军工电子
SZ002218,电力,新能源发电
SH600698,汽车零部件,底盘与发动机系统
SH605198,饮料制造,软饮料
SH603098,建筑装饰,专业工程
SZ000592,种植业与林业,林业
SH605099,家居用品,其他家居用品
SZ000809,风电设备,风电零部件
SH601002,通用设备,金属制品
SH600039,建筑装饰,基础建设
SZ300651,家居用品,文娱用品
SZ000509,光学光电子,面板
SH600149,电力,热力
SH600528,轨交设备,轨交设备
SZ000030,汽车零部件,底盘与发动机系统
SH688196,化学制品,其他化学制品
SZ300300,IT服务,IT服务
SZ002310,电力,新能源发电
SZ000995,白酒,白酒
SZ002578,工业金属,铝
SH600792,煤炭开采加工,焦炭加工
SZ002519,军工电子,军工电子
SZ000639,食品加工制造,其他食品
SZ000993,电力,水电
SZ300960,轨交设备,轨交设备
SH600982,电力,热力
SZ002858,其他社会服务,体育
SZ002192,能源金属,锂
SZ002800,物流,物流
SZ000631,电力,火电
SH600726,煤炭开采加工,煤炭开采
SZ000767,电力,火电
SZ002309,电网设备,线缆部件及其他
SZ000037,电力,火电
SZ300385,环保设备,环保设备
SH600163,电力,新能源发电
SH600310,电力,电能综合服务
SH600396,电力,火电
SZ000048,养殖业,生猪养殖
SZ000692,电力,热力
SH600844,化学原料,煤化工
SZ000720,电网设备,线缆部件及其他
SZ300992,通用设备,其他通用设备
SH688288,计算机设备,其他计算机设备
SZ300274,光伏设备,逆变器
SZ300736,其他电子,其他电子
SZ301302,军工电子,军工电子
SH600721,医疗服务,医疗研发外包
SH603182,农产品加工,粮油加工
SH603933,其他电子,其他电子
SH603950,汽车零部件,底盘与发动机系统
SH605555,小家电,小家电
SZ000959,钢铁,普钢
SZ002357,公路铁路运输,公交
SZ002686,通用设备,制冷空调设备
SZ002718,建筑材料,其他建材
SZ301309,通用设备,金属制品
